情境,標籤
我前陣子在掏寶網購商品，今天收到貨了,0
前陣子我有多益報名，今天收到准考證,0
今天早上掏寶通知我說重複訂購,0
今天早上收到貨運公司通知說有代收包裹,0
昨天收到全國繳費網的繳費通知,0
昨天收到台電的繳費通知,0
昨天收到台水的繳費通知,0
昨天收到法院的出庭通知,0
昨天收到警察局的報到通知,0
昨天收到郵局的繳費通知,0
昨天收到銀行的繳費通知,0
昨天收到交友網站的繳費通知,0
昨天收到行政院的開會通知,0
昨天收到主計處的開會通知,0
昨天收到環保署的開會通知,0
昨天收到農委會的開會通知,0
昨天收到內政部的開會通知,0
昨天收到警政署的開會通知,0
昨天收到消防署的開會通知,0
昨天收到移民署的開會通知,0
昨天收到外交部的開會通知,0
昨天收到國防部的開會通知,0
昨天收到財政部的開會通知,0
昨天收到國稅局的開會通知,0
昨天收到法務部的開會通知,0
昨天收到調查局的開會通知,0
昨天收到檢察署的開會通知,0
昨天收到經濟部的開會通知,0
昨天收到工業局的開會通知,0
昨天收到檢驗局的開會通知,0
昨天收到智財局的開會通知,0
昨天收到交通部的開會通知,0
昨天收到衛福部的開會通知,0
昨天收到勞動部的開會通知,0
昨天收到地檢署的開會通知,0
昨天收到科技部的開會通知,0
昨天收到公平交易委員會的開會通知,0
昨天收到松果購物的繳費通知,0
昨天收到愛上新鮮的繳費通知,0
昨天收到旋轉拍賣的繳費通知,0
昨天收到錢櫃的繳費通知,0
昨天收到小三美日的繳費通知,0
昨天收到MOMO的繳費通知,0
昨天收到金石堂的繳費通知,0
昨天收到奇摩拍賣的繳費通知,0
前陣子收到交通部的開會通知,0
前陣子收到衛福部的開會通知,0
前陣子收到勞動部的開會通知,0
前陣子收到地檢署的開會通知,0
前陣子收到科技部的開會通知,0
前陣子收到公平交易委員會的開會通知,0
前陣子收到松果購物的繳費通知,0
前陣子收到愛上新鮮的繳費通知,0
前陣子收到旋轉拍賣的繳費通知,0
前陣子收到錢櫃的繳費通知,0
前陣子收到小三美日的繳費通知,0
前陣子收到MOMO的繳費通知,0
前陣子收到金石堂的繳費通知,0
前陣子收到奇摩拍賣的繳費通知,0
我昨天收到一個法院寄來的法院傳票通知,0
我昨天收到一個交通部送來的裁罰通知,0
我昨天收到一個警局的筆錄通知,0
我昨天收到一個銀行的貸款通知,0
我昨天收到一個警察局寄來的洗錢通知,0
我昨天收到一個警察局寄來的貪汙通知,0
我昨天收到一個警察局寄來的違法通知,0
我昨天收到一個法院寄的行政訴訟通知,0
我昨天收到一個法院寄的民事訴訟通知,0
我昨天收到一個法院寄的刑事訴訟通知,0
我昨天去樓下便利商店買遊戲點數,0
我昨天去便利商店買遊戲點數,0
朋友昨天去附近小七買遊戲點數,0
家人昨天幫我去全家買遊戲點數,0
爸爸昨天去711買遊戲點數,0
我媽昨天去超商買遊戲點數,0
我親戚的小孩昨天去超商買遊戲點數,0
我以前同學昨天去便利商店買遊戲點數,0
我剛剛去我家樓下的商店買遊戲點數,0
我家人說昨天收到法院寄來的法院傳票通知,0
我家人說昨天收到法院寄來的法院裁罰通知,0
我家人說昨天收到法院寄來的民事訴訟通知,0
我家人說昨天收到法院寄來的刑事訴訟通知,0
我家人說昨天收到警察寄來的警局筆錄通知,0
我家人說昨天全國繳費網控告我，然後收到法院寄來的法院傳票通知,0
我家人說昨天台電控告我，然後收到法院寄來的法院傳票通知,0
我家人說昨天台水控告我，然後收到法院寄來的法院傳票通知,0
我家人說前幾天收到法院寄來的法院傳票通知,0
我家人說昨天警察局要偵辦我，然後收到法院寄來的法院傳票通知,0
我家人說昨天郵局控告我，然後收到法院寄來的法院傳票通知,0
我家人說昨天銀行控告我，然後收到法院寄來的法院傳票通知,0
我家人說昨天交友網站控告我，然後收到法院寄來的法院傳票通知,0
我家人說昨天行政院控告我，然後收到法院寄來的法院傳票通知,0
我家人說昨天主計處控告我，然後收到法院寄來的法院傳票通知,0
我家人說昨天環保署控告我，然後收到法院寄來的法院傳票通知,0
我家人說昨天農委會控告我，然後收到法院寄來的法院傳票通知,0
我家人說昨天內政部控告我，然後收到法院寄來的法院傳票通知,0
我家人說昨天警政署控告我，然後收到法院寄來的法院傳票通知,0
我家人說昨天消防署控告我，然後收到法院寄來的法院傳票通知,0
我家人說昨天移民署控告我，然後收到法院寄來的法院傳票通知,0
我家人說昨天外交部控告我，然後收到法院寄來的法院傳票通知,0
我家人說昨天國防部控告我，然後收到法院寄來的法院傳票通知,0
我家人說昨天財政部控告我，然後收到法院寄來的法院傳票通知,0
我家人說昨天國稅局控告我，然後收到法院寄來的法院傳票通知,0
我家人說昨天法務部控告我，然後收到法院寄來的法院傳票通知,0
我家人說昨天調查局控告我，然後收到法院寄來的法院傳票通知,0
我家人說昨天檢察署控告我，然後收到法院寄來的法院傳票通知,0
我家人說昨天經濟部控告我，然後收到法院寄來的法院傳票通知,0
我家人說昨天工業局控告我，然後收到法院寄來的法院傳票通知,0
我家人說昨天檢驗局控告我，然後收到法院寄來的法院傳票通知,0
我家人說昨天智財局控告我，然後收到法院寄來的法院傳票通知,0
我家人說昨天交通部控告我，然後收到法院寄來的法院傳票通知,0
我家人說昨天衛福部控告我，然後收到法院寄來的法院傳票通知,0
我家人說昨天勞動部控告我，然後收到法院寄來的法院傳票通知,0
我家人說昨天地檢署控告我，然後收到法院寄來的法院傳票通知,0
我家人說昨天科技部控告我，然後收到法院寄來的法院傳票通知,0
我家人說昨天公平交易委員會控告我，然後收到法院寄來的法院傳票通知,0
我家人說昨天松果購物控告我，然後收到法院寄來的法院傳票通知,0
我家人說昨天愛上新鮮控告我，然後收到法院寄來的法院傳票通知,0
我家人說昨天旋轉拍賣控告我，然後收到法院寄來的法院傳票通知,0
我家人說昨天錢櫃控告我，然後收到法院寄來的法院傳票通知,0
我家人說昨天小三美日控告我，然後收到法院寄來的法院傳票通知,0
我家人說昨天MOMO控告我，然後收到法院寄來的法院傳票通知,0
我家人說昨天全國繳費網控告我，然後收到法院寄來的法院裁罰通知,0
我家人說昨天台電控告我，然後收到法院寄來的法院裁罰通知,0
我家人說昨天台水控告我，然後收到法院寄來的法院裁罰通知,0
我家人說昨天法院控告我，然後收到法院寄來的法院裁罰通知,0
我家人說昨天警察局控告我，然後收到法院寄來的法院裁罰通知,0
我家人說昨天郵局控告我，然後收到法院寄來的法院裁罰通知,0
我家人說昨天銀行控告我，然後收到法院寄來的法院裁罰通知,0
我家人說昨天交友網站控告我，然後收到法院寄來的法院裁罰通知,0
我家人說昨天行政院控告我，然後收到法院寄來的法院裁罰通知,0
我家人說昨天主計處控告我，然後收到法院寄來的法院裁罰通知,0
我家人說昨天環保署控告我，然後收到法院寄來的法院裁罰通知,0
我家人說昨天農委會控告我，然後收到法院寄來的法院裁罰通知,0
我家人說昨天內政部控告我，然後收到法院寄來的法院裁罰通知,0
我家人說昨天警政署控告我，然後收到法院寄來的法院裁罰通知,0
我家人說昨天消防署控告我，然後收到法院寄來的法院裁罰通知,0
我家人說昨天移民署控告我，然後收到法院寄來的法院裁罰通知,0
我家人說昨天外交部控告我，然後收到法院寄來的法院裁罰通知,0
我家人說昨天國防部控告我，然後收到法院寄來的法院裁罰通知,0
我家人說昨天財政部控告我，然後收到法院寄來的法院裁罰通知,0
我家人說昨天國稅局控告我，然後收到法院寄來的法院裁罰通知,0
我家人說昨天法務部控告我，然後收到法院寄來的法院裁罰通知,0
我家人說昨天調查局控告我，然後收到法院寄來的法院裁罰通知,0
我家人說昨天檢察署控告我，然後收到法院寄來的法院裁罰通知,0
我家人說昨天經濟部控告我，然後收到法院寄來的法院裁罰通知,0
我家人說昨天工業局控告我，然後收到法院寄來的法院裁罰通知,0
我家人說昨天檢驗局控告我，然後收到法院寄來的法院裁罰通知,0
我家人說昨天智財局控告我，然後收到法院寄來的法院裁罰通知,0
我家人說昨天交通部控告我，然後收到法院寄來的法院裁罰通知,0
我家人說昨天衛福部控告我，然後收到法院寄來的法院裁罰通知,0
我家人說昨天勞動部控告我，然後收到法院寄來的法院裁罰通知,0
我家人說昨天地檢署控告我，然後收到法院寄來的法院裁罰通知,0
我家人說昨天科技部控告我，然後收到法院寄來的法院裁罰通知,0
我家人說昨天公平交易委員會控告我，然後收到法院寄來的法院裁罰通知,0
我家人說昨天松果購物控告我，然後收到法院寄來的法院裁罰通知,0
我家人說昨天愛上新鮮控告我，然後收到法院寄來的法院裁罰通知,0
我家人說昨天旋轉拍賣控告我，然後收到法院寄來的法院裁罰通知,0
我家人說昨天錢櫃控告我，然後收到法院寄來的法院裁罰通知,0
我家人說昨天小三美日控告我，然後收到法院寄來的法院裁罰通知,0
我家人說昨天MOMO控告我，然後收到法院寄來的法院裁罰通知,0
我家人說昨天金石堂控告我，然後收到法院寄來的法院裁罰通知,0
我家人說昨天收到全國繳費網向法院控告然後寄給我的裁罰通知,0
我家人說昨天收到台電向法院控告然後寄給我的裁罰通知,0
我家人說昨天收到台水向法院控告然後寄給我的裁罰通知,0
我家人說昨天收到向法院控告然後寄給我的裁罰通知,0
我家人說昨天收到警察局向法院控告然後寄給我的裁罰通知,0
我家人說昨天收到郵局向法院控告然後寄給我的裁罰通知,0
我家人說昨天收到銀行向法院控告然後寄給我的裁罰通知,0
我家人說昨天收到交友網站向法院控告然後寄給我的裁罰通知,0
我家人說昨天收到行政院向法院控告然後寄給我的裁罰通知,0
我家人說昨天收到主計處向法院控告然後寄給我的裁罰通知,0
我家人說昨天收到環保署向法院控告然後寄給我的裁罰通知,0
我家人說昨天收到農委會向法院控告然後寄給我的裁罰通知,0
我家人說昨天收到內政部向法院控告然後寄給我的裁罰通知,0
我家人說昨天收到警政署向法院控告然後寄給我的裁罰通知,0
我家人說昨天收到消防署向法院控告然後寄給我的裁罰通知,0
我家人說昨天收到移民署向法院控告然後寄給我的裁罰通知,0
我家人說昨天收到外交部向法院控告然後寄給我的裁罰通知,0
我家人說昨天收到國防部向法院控告然後寄給我的裁罰通知,0
我家人說昨天收到財政部向法院控告然後寄給我的裁罰通知,0
我家人說昨天收到國稅局向法院控告然後寄給我的裁罰通知,0
我家人說昨天收到法務部向法院控告然後寄給我的裁罰通知,0
我家人說昨天收到調查局向法院控告然後寄給我的裁罰通知,0
我家人說昨天收到檢察署向法院控告然後寄給我的裁罰通知,0
我家人說昨天收到經濟部向法院控告然後寄給我的裁罰通知,0
我家人說昨天收到工業局向法院控告然後寄給我的裁罰通知,0
我家人說昨天收到檢驗局向法院控告然後寄給我的裁罰通知,0
我家人說昨天收到智財局向法院控告然後寄給我的裁罰通知,0
我家人說昨天收到向法院控告然後寄給我的裁罰通知,0
我家人說昨天收到衛福部向法院控告然後寄給我的裁罰通知,0
我家人說昨天收到勞動部向法院控告然後寄給我的裁罰通知,0
我家人說昨天收到地檢署向法院控告然後寄給我的裁罰通知,0
我家人說昨天收到科技部向法院控告然後寄給我的裁罰通知,0
我家人說昨天收到公平交易委員會向法院控告然後寄給我的裁罰通知,0
我家人說昨天收到松果購物向法院控告然後寄給我的裁罰通知,0
我家人說昨天收到愛上新鮮向法院控告然後寄給我的裁罰通知,0
我家人說昨天收到旋轉拍賣向法院控告然後寄給我的裁罰通知,0
我家人說昨天收到錢櫃向法院控告然後寄給我的裁罰通知,0
我家人說昨天收到小三美日向法院控告然後寄給我的裁罰通知,0
我家人說昨天收到MOMO向法院控告然後寄給我的裁罰通知,0
我家人說昨天收到金石堂向法院控告然後寄給我的裁罰通知,0
我家人說昨天收到全國繳費網向警局報案，然後收到要我去警局筆錄的通知,0
我家人說昨天收到台電向警局報案，然後收到要我去警局筆錄的通知,0
我家人說昨天收到台水向警局報案，然後收到要我去警局筆錄的通知,0
我家人說昨天收到交通部向警局報案，然後收到要我去警局筆錄的通知,0
我家人說昨天收到郵局向警局報案，然後收到要我去警局筆錄的通知,0
我家人說昨天收到銀行向警局報案，然後收到要我去警局筆錄的通知,0
我家人說昨天收到交友網站向警局報案，然後收到要我去警局筆錄的通知,0
我家人說昨天收到行政院向警局報案，然後收到要我去警局筆錄的通知,0
我家人說昨天收到主計處向警局報案，然後收到要我去警局筆錄的通知,0
我家人說昨天收到環保署向警局報案，然後收到要我去警局筆錄的通知,0
我家人說昨天收到農委會向警局報案，然後收到要我去警局筆錄的通知,0
我家人說昨天收到內政部向警局報案，然後收到要我去警局筆錄的通知,0
我家人說昨天收到警政署向警局報案，然後收到要我去警局筆錄的通知,0
我家人說昨天收到消防署向警局報案，然後收到要我去警局筆錄的通知,0
我家人說昨天收到移民署向警局報案，然後收到要我去警局筆錄的通知,0
我家人說昨天收到外交部向警局報案，然後收到要我去警局筆錄的通知,0
我家人說昨天收到國防部向警局報案，然後收到要我去警局筆錄的通知,0
我家人說昨天收到財政部向警局報案，然後收到要我去警局筆錄的通知,0
我家人說昨天收到國稅局向警局報案，然後收到要我去警局筆錄的通知,0
我家人說昨天收到法務部向警局報案，然後收到要我去警局筆錄的通知,0
我家人說昨天收到調查局向警局報案，然後收到要我去警局筆錄的通知,0
我家人說昨天收到檢察署向警局報案，然後收到要我去警局筆錄的通知,0
我家人說昨天收到經濟部向警局報案，然後收到要我去警局筆錄的通知,0
我家人說昨天收到工業局向警局報案，然後收到要我去警局筆錄的通知,0
我家人說昨天收到檢驗局向警局報案，然後收到要我去警局筆錄的通知,0
我家人說昨天收到智財局向警局報案，然後收到要我去警局筆錄的通知,0
我家人說昨天收到交通部向警局報案，然後收到要我去警局筆錄的通知,0
我家人說昨天收到衛福部向警局報案，然後收到要我去警局筆錄的通知,0
我家人說昨天收到勞動部向警局報案，然後收到要我去警局筆錄的通知,0
我家人說昨天收到地檢署向警局報案，然後收到要我去警局筆錄的通知,0
我家人說昨天收到科技部向警局報案，然後收到要我去警局筆錄的通知,0
我家人說昨天收到公平交易委員會向警局報案，然後收到要我去警局筆錄的通知,0
我家人說昨天收到松果購物向警局報案，然後收到要我去警局筆錄的通知,0
我家人說昨天收到愛上新鮮向警局報案，然後收到要我去警局筆錄的通知,0
我家人說昨天收到旋轉拍賣向警局報案，然後收到要我去警局筆錄的通知,0
我家人說昨天收到錢櫃向警局報案，然後收到要我去警局筆錄的通知,0
我家人說昨天收到小三美日向警局報案，然後收到要我去警局筆錄的通知,0
我家人說昨天收到MOMO向警局報案，然後收到要我去警局筆錄的通知,0
我家人說昨天收到金石堂向警局報案，然後收到要我去警局筆錄的通知,0
我家人說昨天收到奇摩拍賣向警局報案，然後收到要我去警局筆錄的通知,0
我家人說前陣子收到政府向法院告我，然後收到法院寄來的裁罰通知,0
我家人說前陣子收到衛福部向法院告我，然後收到法院寄來的裁罰通知,0
我家人說前陣子收到勞動部向法院告我，然後收到法院寄來的裁罰通知,0
我家人說前陣子收到地檢署向法院告我，然後收到法院寄來的裁罰通知,0
我家人說前陣子收到科技部向法院告我，然後收到法院寄來的裁罰通知,0
我家人說前陣子收到公平交易委員會向法院告我，然後收到法院寄來的裁罰通知,0
我家人說前陣子收到松果購物向法院告我，然後收到法院寄來的裁罰通知,0
我家人說前陣子收到愛上新鮮向法院告我，然後收到法院寄來的裁罰通知,0
我家人說前陣子收到旋轉拍賣向法院告我，然後收到法院寄來的裁罰通知,0
我家人說前陣子收到錢櫃向法院告我，然後收到法院寄來的裁罰通知,0
我家人說前陣子收到小三美日向法院告我，然後收到法院寄來的裁罰通知,0
我家人說前陣子收到MOMO向法院告我，然後收到法院寄來的裁罰通知,0
我家人說前陣子收到金石堂向法院告我，然後收到法院寄來的裁罰通知,0
我家人說前陣子收到奇摩拍賣向法院告我，然後收到法院寄來的裁罰通知,0
我家人說前陣子收到衣芙向法院告我，然後收到法院寄來的裁罰通知,0
我家人說前陣子收到Booking向法院告我，然後收到法院寄來的裁罰通知,0
我家人說前陣子收到奇摩向法院告我，然後收到法院寄來的裁罰通知,0
我家人說前陣子收到東森向法院告我，然後收到法院寄來的裁罰通知,0
我家人說前陣子收到美咖向法院告我，然後收到法院寄來的裁罰通知,0
我家人說前陣子收到支付寶向法院告我，然後收到法院寄來的裁罰通知,0
我家人說前陣子收到比價王向法院告我，然後收到法院寄來的裁罰通知,0
我家人說前陣子收到部落格向法院告我，然後收到法院寄來的裁罰通知,0
我家人說昨天收到全國繳費網寄給我的違規通知,0
我家人說昨天收到台電寄給我的違規通知,0
我家人說昨天收到台水寄給我的違規通知,0
我家人說昨天收到法院寄給我的違規通知,0
我家人說昨天收到警察局寄給我的違規通知,0
我家人說昨天收到郵局寄給我的違規通知,0
我家人說昨天收到銀行寄給我的違規通知,0
我家人說昨天收到交友網站寄給我的違規通知,0
我家人說昨天收到行政院寄給我的違規通知,0
我家人說昨天收到主計處寄給我的違規通知,0
我家人說昨天收到環保署寄給我的違規通知,0
我家人說昨天收到農委會寄給我的違規通知,0
我家人說昨天收到內政部寄給我的違規通知,0
我家人說昨天收到警政署寄給我的違規通知,0
我家人說昨天收到消防署寄給我的違規通知,0
我家人說昨天收到移民署寄給我的違規通知,0
我家人說昨天收到外交部寄給我的違規通知,0
我家人說昨天收到國防部寄給我的違規通知,0
我家人說昨天收到財政部寄給我的違規通知,0
我家人說昨天收到國稅局寄給我的違規通知,0
我家人說昨天收到法務部寄給我的違規通知,0
我家人說昨天收到調查局寄給我的違規通知,0
我家人說昨天收到檢察署寄給我的違規通知,0
我家人說昨天收到經濟部寄給我的違規通知,0
我家人說昨天收到工業局寄給我的違規通知,0
我家人說昨天收到檢驗局寄給我的違規通知,0
我家人說昨天收到智財局寄給我的違規通知,0
我家人說昨天收到交通部寄給我的違規通知,0
我家人說昨天收到衛福部寄給我的違規通知,0
我家人說昨天收到勞動部寄給我的違規通知,0
我家人說昨天收到地檢署寄給我的違規通知,0
我家人說昨天收到科技部寄給我的違規通知,0
我家人說昨天收到公平交易委員會寄給我的違規通知,0
我家人說昨天收到松果購物寄給我的違規通知,0
我家人說昨天收到愛上新鮮寄給我的違規通知,0
我家人說昨天收到旋轉拍賣寄給我的違規通知,0
我家人說昨天收到錢櫃寄給我的違規通知,0
我家人說昨天收到小三美日寄給我的違規通知,0
我家人說昨天收到MOMO寄給我的違規通知,0
我家人說昨天收到金石堂寄給我的違規通知,0
我家人說昨天收到奇摩拍賣寄給我的違規通知,0
我家人說昨天收到全國繳費網寄來的繳費逾期通知,0
我家人說昨天收到台電寄來的繳費逾期通知,0
我家人說昨天收到台水寄來的繳費逾期通知,0
我家人說昨天收到交通部寄來的繳費逾期通知,0
我家人說昨天收到郵局寄來的繳費逾期通知,0
我家人說昨天收到銀行寄來的繳費逾期通知,0
我家人說昨天收到交友網站寄來的繳費逾期通知,0
我家人說昨天收到行政院寄來的繳費逾期通知,0
我家人說昨天收到主計處寄來的繳費逾期通知,0
我家人說昨天收到環保署寄來的繳費逾期通知,0
我家人說昨天收到農委會寄來的繳費逾期通知,0
我家人說昨天收到內政部寄來的繳費逾期通知,0
我家人說昨天收到警政署寄來的繳費逾期通知,0
我家人說昨天收到消防署寄來的繳費逾期通知,0
我家人說昨天收到移民署寄來的繳費逾期通知,0
我家人說昨天收到外交部寄來的繳費逾期通知,0
我家人說昨天收到國防部寄來的繳費逾期通知,0
我家人說昨天收到財政部寄來的繳費逾期通知,0
我家人說昨天收到國稅局寄來的繳費逾期通知,0
我家人說昨天收到法務部寄來的繳費逾期通知,0
我家人說昨天收到調查局寄來的繳費逾期通知,0
我家人說昨天收到檢察署寄來的繳費逾期通知,0
我家人說昨天收到經濟部寄來的繳費逾期通知,0
我家人說昨天收到工業局寄來的繳費逾期通知,0
我家人說昨天收到檢驗局寄來的繳費逾期通知,0
我家人說昨天收到智財局寄來的繳費逾期通知,0
我家人說昨天收到交通部寄來的繳費逾期通知,0
我家人說昨天收到衛福部寄來的繳費逾期通知,0
我家人說昨天收到勞動部寄來的繳費逾期通知,0
我家人說昨天收到地檢署寄來的繳費逾期通知,0
我家人說昨天收到科技部寄來的繳費逾期通知,0
我家人說昨天收到公平交易委員會寄來的繳費逾期通知,0
我家人說昨天收到松果購物寄來的繳費逾期通知,0
我家人說昨天收到愛上新鮮寄來的繳費逾期通知,0
我家人說昨天收到旋轉拍賣寄來的繳費逾期通知,0
我家人說昨天收到錢櫃寄來的繳費逾期通知,0
我家人說昨天收到小三美日寄來的繳費逾期通知,0
我家人說昨天收到MOMO寄來的繳費逾期通知,0
我家人說昨天收到金石堂寄來的繳費逾期通知,0
我家人說昨天收到奇摩拍賣寄來的繳費逾期通知,0
朋友說之前全國繳費網控告他，然後有收到法院寄來的法院裁罰通知,0
朋友說之前台電控告他，然後有收到法院寄來的法院裁罰通知,0
朋友說之前台水控告他，然後有收到法院寄來的法院裁罰通知,0
朋友說之前法院控告他，然後有收到法院寄來的法院裁罰通知,0
朋友說之前警察局控告他，然後有收到法院寄來的法院裁罰通知,0
朋友說之前郵局控告他，然後有收到法院寄來的法院裁罰通知,0
朋友說之前銀行控告他，然後有收到法院寄來的法院裁罰通知,0
朋友說之前交友網站控告他，然後有收到法院寄來的法院裁罰通知,0
朋友說之前行政院控告他，然後有收到法院寄來的法院裁罰通知,0
朋友說之前主計處控告他，然後有收到法院寄來的法院裁罰通知,0
朋友說之前環保署控告他，然後有收到法院寄來的法院裁罰通知,0
朋友說之前農委會控告他，然後有收到法院寄來的法院裁罰通知,0
朋友說之前內政部控告他，然後有收到法院寄來的法院裁罰通知,0
朋友說之前警政署控告他，然後有收到法院寄來的法院裁罰通知,0
朋友說之前消防署控告他，然後有收到法院寄來的法院裁罰通知,0
朋友說之前移民署控告他，然後有收到法院寄來的法院裁罰通知,0
朋友說之前外交部控告他，然後有收到法院寄來的法院裁罰通知,0
朋友說之前國防部控告他，然後有收到法院寄來的法院裁罰通知,0
朋友說之前財政部控告他，然後有收到法院寄來的法院裁罰通知,0
朋友說之前國稅局控告他，然後有收到法院寄來的法院裁罰通知,0
朋友說之前法務部控告他，然後有收到法院寄來的法院裁罰通知,0
朋友說之前調查局控告他，然後有收到法院寄來的法院裁罰通知,0
朋友說之前檢察署控告他，然後有收到法院寄來的法院裁罰通知,0
朋友說之前經濟部控告他，然後有收到法院寄來的法院裁罰通知,0
朋友說之前工業局控告他，然後有收到法院寄來的法院裁罰通知,0
朋友說之前檢驗局控告他，然後有收到法院寄來的法院裁罰通知,0
朋友說之前智財局控告他，然後有收到法院寄來的法院裁罰通知,0
朋友說之前交通部控告他，然後有收到法院寄來的法院裁罰通知,0
朋友說之前衛福部控告他，然後有收到法院寄來的法院裁罰通知,0
朋友說之前勞動部控告他，然後有收到法院寄來的法院裁罰通知,0
朋友說之前地檢署控告他，然後有收到法院寄來的法院裁罰通知,0
朋友說之前科技部控告他，然後有收到法院寄來的法院裁罰通知,0
朋友說之前公平交易委員會控告他，然後有收到法院寄來的法院裁罰通知,0
朋友說之前松果購物控告他，然後有收到法院寄來的法院裁罰通知,0
朋友說之前愛上新鮮控告他，然後有收到法院寄來的法院裁罰通知,0
朋友說之前旋轉拍賣控告他，然後有收到法院寄來的法院裁罰通知,0
朋友說之前錢櫃控告他，然後有收到法院寄來的法院裁罰通知,0
朋友說之前小三美日控告他，然後有收到法院寄來的法院裁罰通知,0
朋友說之前MOMO控告他，然後有收到法院寄來的法院裁罰通知,0
朋友說之前金石堂控告他，然後有收到法院寄來的法院裁罰通知,0
朋友說之前奇摩拍賣控告他，然後有收到法院寄來的法院裁罰通知,0
我朋友說昨天收到全國繳費網向警局報案，然後收到要他前往警局筆錄的通知,0
我朋友說昨天收到台電向警局報案，然後收到要他前往警局筆錄的通知,0
我朋友說昨天收到台水向警局報案，然後收到要他前往警局筆錄的通知,0
我朋友說昨天收到交通部向警局報案，然後收到要他前往警局筆錄的通知,0
我朋友說昨天收到郵局向警局報案，然後收到要他前往警局筆錄的通知,0
我朋友說昨天收到銀行向警局報案，然後收到要他前往警局筆錄的通知,0
我朋友說昨天收到交友網站向警局報案，然後收到要他前往警局筆錄的通知,0
我朋友說昨天收到行政院向警局報案，然後收到要他前往警局筆錄的通知,0
我朋友說昨天收到主計處向警局報案，然後收到要他前往警局筆錄的通知,0
我朋友說昨天收到環保署向警局報案，然後收到要他前往警局筆錄的通知,0
我朋友說昨天收到農委會向警局報案，然後收到要他前往警局筆錄的通知,0
我朋友說昨天收到內政部向警局報案，然後收到要他前往警局筆錄的通知,0
我朋友說昨天收到警政署向警局報案，然後收到要他前往警局筆錄的通知,0
我朋友說昨天收到消防署向警局報案，然後收到要他前往警局筆錄的通知,0
我朋友說昨天收到移民署向警局報案，然後收到要他前往警局筆錄的通知,0
我朋友說昨天收到外交部向警局報案，然後收到要他前往警局筆錄的通知,0
我朋友說昨天收到國防部向警局報案，然後收到要他前往警局筆錄的通知,0
我朋友說昨天收到財政部向警局報案，然後收到要他前往警局筆錄的通知,0
我朋友說昨天收到國稅局向警局報案，然後收到要他前往警局筆錄的通知,0
我朋友說昨天收到法務部向警局報案，然後收到要他前往警局筆錄的通知,0
我朋友說昨天收到調查局向警局報案，然後收到要他前往警局筆錄的通知,0
我朋友說昨天收到檢察署向警局報案，然後收到要他前往警局筆錄的通知,0
我朋友說昨天收到經濟部向警局報案，然後收到要他前往警局筆錄的通知,0
我朋友說昨天收到工業局向警局報案，然後收到要他前往警局筆錄的通知,0
我朋友說昨天收到檢驗局向警局報案，然後收到要他前往警局筆錄的通知,0
我朋友說昨天收到智財局向警局報案，然後收到要他前往警局筆錄的通知,0
我朋友說昨天收到交通部向警局報案，然後收到要他前往警局筆錄的通知,0
我朋友說昨天收到衛福部向警局報案，然後收到要他前往警局筆錄的通知,0
我朋友說昨天收到勞動部向警局報案，然後收到要他前往警局筆錄的通知,0
我朋友說昨天收到地檢署向警局報案，然後收到要他前往警局筆錄的通知,0
我朋友說昨天收到科技部向警局報案，然後收到要他前往警局筆錄的通知,0
我朋友說昨天收到公平交易委員會向警局報案，然後收到要他前往警局筆錄的通知,0
我朋友說昨天收到松果購物向警局報案，然後收到要他前往警局筆錄的通知,0
我朋友說昨天收到愛上新鮮向警局報案，然後收到要他前往警局筆錄的通知,0
我朋友說昨天收到旋轉拍賣向警局報案，然後收到要他前往警局筆錄的通知,0
我朋友說昨天收到錢櫃向警局報案，然後收到要他前往警局筆錄的通知,0
我朋友說昨天收到小三美日向警局報案，然後收到要他前往警局筆錄的通知,0
我朋友說昨天收到MOMO向警局報案，然後收到要他前往警局筆錄的通知,0
我朋友說昨天收到金石堂向警局報案，然後收到要他前往警局筆錄的通知,0
我朋友說昨天收到奇摩拍賣向警局報案，然後收到要他前往警局筆錄的通知,0
我朋友說昨天收到衣芙向警局報案，然後收到要他前往警局筆錄的通知,0
我家人說昨天奇摩拍賣控告我，所以收到法院寄來的訴訟通知,0
我家人說昨天衣芙控告我，所以收到法院寄來的訴訟通知,0
我家人說昨天Booking控告我，所以收到法院寄來的訴訟通知,0
我家人說昨天奇摩控告我，所以收到法院寄來的訴訟通知,0
我家人說昨天東森控告我，所以收到法院寄來的訴訟通知,0
我家人說昨天美咖控告我，所以收到法院寄來的訴訟通知,0
我家人說昨天支付寶控告我，所以收到法院寄來的訴訟通知,0
我家人說昨天比價王控告我，所以收到法院寄來的訴訟通知,0
我家人說昨天部落格控告我，所以收到法院寄來的訴訟通知,0
我家人說昨天新浪控告我，所以收到法院寄來的訴訟通知,0
我家人說昨天嘖嘖控告我，所以收到法院寄來的訴訟通知,0
我家人說昨天巴哈姆特控告我，所以收到法院寄來的訴訟通知,0
我家人說昨天webike控告我，所以收到法院寄來的訴訟通知,0
我今天早上收到一則line通知,1
我今天早上收到一則賴通知,1
我今天早上收到一則fb通知,1
我今天早上收到一則臉書通知,1
我今天早上收到一則電話通知,1
我今天早上收到一則手機通知,1
我今天早上收到一則簡訊通知,1
我今天早上收到一則email通知,1
我今天早上收到一則私訊通知,1
我今天早上收到一則電郵通知,1
今天早上Lol有人密我,1
今天早上LoL有人密我,1
今天早上魔獸有人密我,1
今天早上絕地求生有人密我,1
今天早上暗黑有人密我,1
今天早上橘子有人密我,1
今天早上激戰有人密我,1
今天早上失落方舟有人密我,1
今天早上三國有人密我,1
今天早上天使有人密我,1
今天早上幻想有人密我,1
今天早上刀劍有人密我,1
今天早上金庸有人密我,1
今天早上吞食有人密我,1
今天早上仙劍有人密我,1
今天早上楓之谷有人密我,1
今天早上天堂有人密我,1
今天早上仙境有人密我,1
今天早上艾爾有人密我,1
今天早上FF14有人密我,1
今天早上碧藍幻想有人密我,1
今天早上R6有人密我,1
今天早上tinder有人密我,1
今天早上wootalk有人密我,1
今天早上beetalk有人密我,1
今天早上goodnight有人密我,1
今天早上信有人密我,1
今天早上wechat有人密我,1
今天早上whatsapp有人密我,1
今天早上微博有人密我,1
今天早上weibo有人密我,1
今天早上QQ有人密我,1
今天早上kakao有人密我,1
今天早上IG有人密我,1
今天早上instagram有人密我,1
今天早上reddit有人密我,1
今天早上twitter有人密我,1
今天早上friday有人密我,1
今天早上Zuvio有人密我,1
今天早上3DM有人密我,1
今天早上steam有人密我,1
今天早上uplay有人密我,1
今天早上costco有人密我,1
今天早上garena有人密我,1
今天早上伊莉有人密我,1
今天早上ebay有人密我,1
今天早上cmony有人密我,1
今天早上epic有人密我,1
今天早上pressplay有人密我,1
今天早上pubg有人密我,1
今天早上跑跑有人密我,1
今天早上滔寶有人密我,1
今天早上粉絲團有人密我,1
今天早上粉專有人密我,1
今天早上楓之谷有人密我,1
今天早上楓谷有人密我,1
今天早上瑪琪有人密我,1
今天早上流亡有人密我,1
今天早上8591有人密我,1
今天早上極速領域有人密我,1
今天早上wechat有人密我,1
今天早上蝦皮有人密我,1
今天早上英雄聯盟有人密我,1
今天早上kimo有人密我,1
今天早上百度有人密我,1
今天早上遊戲有人密我,1
今天早上論壇有人密我,1
今天早上overwatch有人密我,1
今天早上第七史詩有人密我,1
今天早上csgo有人密我,1
我昨天被我朋友要求去用ATM繳交訴訟費,1
我昨天被我朋友要求去用ATM繳交費昨天被我朋友要求去用,1
我昨天被我朋友要求去用ATM繳交代繳,1
我昨天被我朋友要求去用ATM繳交卡費,1
我昨天被我朋友要求去用ATM繳交保證金,1
我昨天被我朋友要求去用ATM繳交水費,1
我昨天被我朋友要求去用ATM繳交電費,1
我昨天被我朋友要求去用ATM繳交水電費,1
我昨天被我朋友要求去用ATM繳交扣款,1
我昨天被我朋友要求去用ATM繳交繳費,1
我昨天被我朋友要求去用ATM繳交下單,1
我昨天被我朋友要求去用ATM繳交小額付費,1
我昨天被我朋友要求去用ATM繳交保證金,1
我昨天被我朋友要求去用ATM繳交優惠,1
我昨天被我朋友要求去用ATM繳交消費紀錄,1
我昨天被我朋友要求去用ATM繳交投資,1
我昨天被我朋友要求去用ATM繳交退稅,1
我昨天被我朋友要求去用ATM繳交稅金,1
我昨天被我朋友要求去用ATM繳交繳費,1
我昨天被我朋友要求去用ATM繳交手續費,1
我昨天被我朋友要求去用ATM繳交健保費,1
我昨天被我朋友要求去用ATM繳交電信費,1
我昨天被我朋友要求去用ATM繳交電話費,1
我昨天被我朋友要求去用ATM繳交催繳,1
我昨天被我朋友要求去用ATM繳交無摺,1
我昨天被我朋友要求去用ATM繳交代碼,1
我昨天被我朋友要求去用ATM繳交點數,1
我昨天被我朋友要求去用ATM繳交代購,1
我昨天被我朋友要求去用ATM繳交帳單,1
我被一個很久沒聯絡的國中同學要求用提款機來交匯款,1
我被一個很久沒聯絡的國中同學要求用提款機來交卡費,1
我被一個很久沒聯絡的國中同學要求用提款機來交訴訟費,1
我被一個很久沒聯絡的國中同學要求用提款機來交費用,1
我被一個很久沒聯絡的國中同學要求用提款機來交代繳,1
我被一個很久沒聯絡的國中同學要求用提款機來交卡費,1
我被一個很久沒聯絡的國中同學要求用提款機來交保證金,1
我被一個很久沒聯絡的國中同學要求用提款機來交水費,1
我被一個很久沒聯絡的國中同學要求用提款機來交電費,1
我被一個很久沒聯絡的國中同學要求用提款機來交水電費,1
我被一個很久沒聯絡的國中同學要求用提款機來交扣款,1
我被一個很久沒聯絡的國中同學要求用提款機來交繳費,1
我被一個很久沒聯絡的國中同學要求用提款機來交下單,1
我被一個很久沒聯絡的國中同學要求用提款機來交保證金,1
我被一個很久沒聯絡的國中同學要求用提款機來交優惠,1
我被一個很久沒聯絡的國中同學要求用提款機來交消費帳單,1
我被一個很久沒聯絡的國中同學要求用提款機來交投資,1
我被一個很久沒聯絡的國中同學要求用提款機來交退稅,1
我被一個很久沒聯絡的國中同學要求用提款機來交稅金,1
我被一個很久沒聯絡的國中同學要求用提款機來交繳費,1
我被一個很久沒聯絡的國中同學要求用提款機來交手續費,1
我被一個很久沒聯絡的國中同學要求用提款機來交健保費,1
我被一個很久沒聯絡的國中同學要求用提款機來交電信費,1
我被一個很久沒聯絡的國中同學要求用提款機來交電話費,1
我被一個很久沒聯絡的國中同學要求用提款機來交催繳,1
我被一個很久沒聯絡的國中同學要求用提款機來交無摺,1
我被一個很久沒聯絡的國中同學要求用提款機來交代碼,1
我被一個很久沒聯絡的國中同學要求用提款機來交點數,1
我被一個很久沒聯絡的國中同學要求用提款機來交代購,1
我被一個很久沒聯絡的國中同學要求用提款機來交帳單,1
前幾天有一個很久沒聯絡的同學請我幫他去ATM匯款訴訟費,1
前幾天有一個很久沒聯絡的同學請我幫他去ATM匯款代繳費用,1
前幾天有一個很久沒聯絡的同學請我幫他去ATM匯款卡費,1
前幾天有一個很久沒聯絡的同學請我幫他去ATM匯款費用,1
前幾天有一個很久沒聯絡的同學請我幫他去ATM匯款繳費,1
前幾天有一個很久沒聯絡的同學請我幫他去ATM匯款保證金,1
前幾天有一個很久沒聯絡的同學請我幫他去ATM匯款優惠,1
前幾天有一個很久沒聯絡的同學請我幫他去ATM匯款投資,1
前幾天有一個很久沒聯絡的同學請我幫他去ATM匯款退稅,1
前幾天有一個很久沒聯絡的同學請我幫他去ATM匯款稅金,1
前幾天有一個很久沒聯絡的同學請我幫他去ATM匯款代碼,1
前幾天有一個很久沒聯絡的同學請我幫他去ATM匯款代碼繳費,1
前幾天有一個很久沒聯絡的同學請我幫他去ATM匯款手續費,1
前幾天有一個很久沒聯絡的同學請我幫他去ATM匯款健保費,1
前幾天有一個很久沒聯絡的同學請我幫他去ATM匯款電信費,1
前幾天有一個很久沒聯絡的同學請我幫他去ATM匯款電話費,1
前幾天有一個很久沒聯絡的同學請我幫他去ATM匯款水費,1
前幾天有一個很久沒聯絡的同學請我幫他去ATM匯款費用逾繳,1
前幾天有一個很久沒聯絡的同學請我幫他去ATM匯款催繳,1
前幾天有一個很久沒聯絡的同學請我幫他去ATM匯款點數,1
前幾天有一個很久沒聯絡的同學請我幫他去ATM匯款代購,1
前幾天有一個很久沒聯絡的同學請我幫他去ATM匯款帳單,1
前幾天有一個很久沒聯絡的同學請我幫他去ATM匯款連續扣款,1
我今天下午去臨櫃繳交之前有個客服要我付的匯款,1
我今天下午去臨櫃繳交之前有個客服要我付的訴訟費,1
我今天下午去臨櫃繳交之前有個客服要我付的費用,1
我今天下午去臨櫃繳交之前有個客服要我付的代繳,1
我今天下午去臨櫃繳交之前有個客服要我付的卡費,1
我今天下午去臨櫃繳交之前有個客服要我付的保證金,1
我今天下午去臨櫃繳交之前有個客服要我付的水費,1
我今天下午去臨櫃繳交之前有個客服要我付的電費,1
我今天下午去臨櫃繳交之前有個客服要我付的水電費,1
我今天下午去臨櫃繳交之前有個客服要我付的扣款,1
我今天下午去臨櫃繳交之前有個客服要我付的繳費,1
我今天下午去臨櫃繳交之前有個客服要我付的下單,1
我今天下午去臨櫃繳交之前有個客服要我付的保證金,1
我今天下午去臨櫃繳交之前有個客服要我付的優惠,1
我今天下午去臨櫃繳交之前有個客服要我付的消費紀錄,1
我今天下午去臨櫃繳交之前有個客服要我付的投資,1
我今天下午去臨櫃繳交之前有個客服要我付的退稅,1
我今天下午去臨櫃繳交之前有個客服要我付的稅金,1
我今天下午去臨櫃繳交之前有個客服要我付的繳費,1
我今天下午去臨櫃繳交之前有個客服要我付的手續費,1
我今天下午去臨櫃繳交之前有個客服要我付的健保費,1
我今天下午去臨櫃繳交之前有個客服要我付的電信費,1
我今天下午去臨櫃繳交之前有個客服要我付的電話費,1
我今天下午去臨櫃繳交之前有個客服要我付的催繳,1
我今天下午去臨櫃繳交之前有個客服要我付的無摺,1
我今天下午去臨櫃繳交之前有個客服要我付的代碼,1
我今天下午去臨櫃繳交之前有個客服要我付的代購,1
我今天下午去臨櫃繳交之前有個客服要我付的帳單,1
網路上有個人建議我去銀行的櫃台按照他的指示處理這次的訴訟費,1
網路上有個人建議我去銀行的櫃台按照他的指示處理這次的費用,1
網路上有個人建議我去銀行的櫃台按照他的指示處理這次的代繳,1
網路上有個人建議我去銀行的櫃台按照他的指示處理這次的卡費,1
網路上有個人建議我去銀行的櫃台按照他的指示處理這次的保證金,1
網路上有個人建議我去銀行的櫃台按照他的指示處理這次的水費,1
網路上有個人建議我去銀行的櫃台按照他的指示處理這次的電費,1
網路上有個人建議我去銀行的櫃台按照他的指示處理這次的水電費,1
網路上有個人建議我去銀行的櫃台按照他的指示處理這次的扣款,1
網路上有個人建議我去銀行的櫃台按照他的指示處理這次的繳費,1
網路上有個人建議我去銀行的櫃台按照他的指示處理這次的下單,1
網路上有個人建議我去銀行的櫃台按照他的指示處理這次的保證金,1
網路上有個人建議我去銀行的櫃台按照他的指示處理這次的優惠,1
網路上有個人建議我去銀行的櫃台按照他的指示處理這次的消費紀錄,1
網路上有個人建議我去銀行的櫃台按照他的指示處理這次的投資,1
網路上有個人建議我去銀行的櫃台按照他的指示處理這次的退稅,1
網路上有個人建議我去銀行的櫃台按照他的指示處理這次的稅金,1
網路上有個人建議我去銀行的櫃台按照他的指示處理這次的繳費,1
網路上有個人建議我去銀行的櫃台按照他的指示處理這次的手續費,1
網路上有個人建議我去銀行的櫃台按照他的指示處理這次的健保費,1
網路上有個人建議我去銀行的櫃台按照他的指示處理這次的電信費,1
網路上有個人建議我去銀行的櫃台按照他的指示處理這次的電話費,1
網路上有個人建議我去銀行的櫃台按照他的指示處理這次的催繳,1
網路上有個人建議我去銀行的櫃台按照他的指示處理這次的無摺,1
網路上有個人建議我去銀行的櫃台按照他的指示處理這次的代碼,1
網路上有個人建議我去銀行的櫃台按照他的指示處理這次的代購,1
網路上有個人建議我去銀行的櫃台按照他的指示處理這次的帳單,1
老媽按照一個不認識的人去銀行繳交一筆奇怪的匯款,1
老媽按照一個不認識的人去銀行繳交一筆奇怪的訴訟費,1
老媽按照一個不認識的人去銀行繳交一筆奇怪的費用,1
老媽按照一個不認識的人去銀行繳交一筆奇怪的代繳,1
老媽按照一個不認識的人去銀行繳交一筆奇怪的卡費,1
老媽按照一個不認識的人去銀行繳交一筆奇怪的保證金,1
老媽按照一個不認識的人去銀行繳交一筆奇怪的水費,1
老媽按照一個不認識的人去銀行繳交一筆奇怪的電費,1
老媽按照一個不認識的人去銀行繳交一筆奇怪的水電費,1
老媽按照一個不認識的人去銀行繳交一筆奇怪的扣款,1
老媽按照一個不認識的人去銀行繳交一筆奇怪的繳費,1
老媽按照一個不認識的人去銀行繳交一筆奇怪的下單,1
老媽按照一個不認識的人去銀行繳交一筆奇怪的保證金,1
老媽按照一個不認識的人去銀行繳交一筆奇怪的優惠,1
老媽按照一個不認識的人去銀行繳交一筆奇怪的消費紀錄,1
老媽按照一個不認識的人去銀行繳交一筆奇怪的投資,1
老媽按照一個不認識的人去銀行繳交一筆奇怪的退稅,1
老媽按照一個不認識的人去銀行繳交一筆奇怪的稅金,1
老媽按照一個不認識的人去銀行繳交一筆奇怪的繳費,1
老媽按照一個不認識的人去銀行繳交一筆奇怪的手續費,1
老媽按照一個不認識的人去銀行繳交一筆奇怪的健保費,1
老媽按照一個不認識的人去銀行繳交一筆奇怪的電信費,1
老媽按照一個不認識的人去銀行繳交一筆奇怪的電話費,1
老媽按照一個不認識的人去銀行繳交一筆奇怪的催繳,1
老媽按照一個不認識的人去銀行繳交一筆奇怪的無摺,1
老媽按照一個不認識的人去銀行繳交一筆奇怪的代碼,1
老媽按照一個不認識的人去銀行繳交一筆奇怪的代購,1
老媽按照一個不認識的人去銀行繳交一筆奇怪的帳單,1
今天有個沒聽過的郵局寄信來通知我關於匯款的事情,1
今天有個沒聽過的郵局寄信來通知我關於訴訟費的事情,1
今天有個沒聽過的郵局寄信來通知我關於費用的事情,1
今天有個沒聽過的郵局寄信來通知我關於代繳的事情,1
今天有個沒聽過的郵局寄信來通知我關於卡費的事情,1
今天有個沒聽過的郵局寄信來通知我關於保證金的事情,1
今天有個沒聽過的郵局寄信來通知我關於水費的事情,1
今天有個沒聽過的郵局寄信來通知我關於電費的事情,1
今天有個沒聽過的郵局寄信來通知我關於水電費的事情,1
今天有個沒聽過的郵局寄信來通知我關於扣款的事情,1
今天有個沒聽過的郵局寄信來通知我關於繳費的事情,1
今天有個沒聽過的郵局寄信來通知我關於下單的事情,1
今天有個沒聽過的郵局寄信來通知我關於保證金的事情,1
今天有個沒聽過的郵局寄信來通知我關於優惠的事情,1
今天有個沒聽過的郵局寄信來通知我關於消費紀錄的事情,1
今天有個沒聽過的郵局寄信來通知我關於投資的事情,1
今天有個沒聽過的郵局寄信來通知我關於退稅的事情,1
今天有個沒聽過的郵局寄信來通知我關於稅金的事情,1
今天有個沒聽過的郵局寄信來通知我關於繳費的事情,1
今天有個沒聽過的郵局寄信來通知我關於手續費的事情,1
今天有個沒聽過的郵局寄信來通知我關於健保費的事情,1
今天有個沒聽過的郵局寄信來通知我關於電信費的事情,1
今天有個沒聽過的郵局寄信來通知我關於電話費的事情,1
今天有個沒聽過的郵局寄信來通知我關於催繳的事情,1
今天有個沒聽過的郵局寄信來通知我關於無摺的事情,1
今天有個沒聽過的郵局寄信來通知我關於代碼的事情,1
朋友告訴我可以照他給的步驟使用手機幫他付錢電信扣款,1
朋友告訴我可以照他給的步驟使用手機幫他付款小額支付,1
朋友告訴我可以照他給的步驟使用手機幫他付款小額付費,1
朋友告訴我可以照他給的步驟使用手機幫他付款小額,1
朋友告訴我可以照他給的步驟使用手機幫他付款小額費用,1
朋友告訴我可以照他給的步驟使用手機幫他付款電信扣款,1
朋友告訴我可以照他給的步驟使用手機幫他小額支付,1
朋友告訴我可以照他給的步驟使用手機幫他小額付費,1
朋友告訴我可以照他給的步驟使用手機幫他小額,1
朋友告訴我可以照他給的步驟使用手機幫他小額費用,1
朋友告訴我可以照他給的步驟使用手機幫他電信扣款,1
朋友告訴我可以照他給的步驟使用電信門號幫他小額支付,1
朋友告訴我可以照他給的步驟使用電信門號幫他支付小額,1
朋友告訴我可以照他給的步驟使用電信門號幫他小額付費,1
朋友告訴我可以照他給的步驟使用電信門號幫他小額,1
朋友告訴我可以照他給的步驟使用電信門號幫他小額費用,1
朋友告訴我可以照他給的步驟使用電信門號幫他電信扣款,1
朋友告訴我可以照他給的步驟使用門號幫他小額支付,1
朋友告訴我可以照他給的步驟使用門號幫他小額付費,1
朋友告訴我可以照他給的步驟使用門號幫他小額,1
朋友告訴我可以照他給的步驟使用門號幫他小額費用,1
朋友告訴我可以照他給的步驟使用門號幫他電信扣款,1
之前在網路上看到新聞說現在可以用手機支付進行小額支付，是真的麻,1
之前在網路上看到新聞說現在可以用手機支付進行小額付費，是真的麻,1
之前在網路上看到新聞說現在可以用手機支付進行小額，是真的麻,1
之前在網路上看到新聞說現在可以用手機支付進行小額費用，是真的麻,1
之前在網路上看到新聞說現在可以用手機支付進行電信扣款，是真的麻,1
之前在網路上看到新聞說現在可以用手機付錢進行小額支付，是真的麻,1
之前在網路上看到新聞說現在可以用手機付錢進行小額付費，是真的麻,1
之前在網路上看到新聞說現在可以用手機付錢進行小額，是真的麻,1
之前在網路上看到新聞說現在可以用手機小額付錢，是真的麻,1
之前在網路上看到新聞說現在可以用手機付錢進行小額費用，是真的麻,1
之前在網路上看到新聞說現在可以用手機付錢進行電信扣款，是真的麻,1
之前在網路上看到新聞說現在可以用手機付款進行小額支付，是真的麻,1
之前在網路上看到新聞說現在可以用手機付款進行小額付費，是真的麻,1
之前在網路上看到新聞說現在可以用手機付款進行小額，是真的麻,1
之前在網路上看到新聞說現在可以用手機付款進行小額費用，是真的麻,1
之前在網路上看到新聞說現在可以用手機付款進行電信扣款，是真的麻,1
之前在網路上看到新聞說現在可以用手機進行小額支付，是真的麻,1
之前在網路上看到新聞說現在可以用手機進行小額付費，是真的麻,1
之前在網路上看到新聞說現在可以用手機進行小額，是真的麻,1
之前在網路上看到新聞說現在可以用手機繳交小額費用，是真的麻,1
之前在網路上看到新聞說現在可以用手機進行電信扣款，是真的麻,1
之前在網路上看到新聞說現在可以用電信門號進行小額支付，是真的麻,1
之前在網路上看到新聞說現在可以用電信門號進行支付小額，是真的麻,1
我從購物網站買東西，結果收到一堆奇怪的東西,1
我從購物網站買東西，結果收到一堆好像不是我買的東西,1
我沒有在購物網站買東西，結果收到一堆廢紙,1
我沒有在購物網站買東西，結果收到一堆報紙,1
我沒有在購物網站買東西，結果收到一堆紙,1
我從網站買東西，結果收到一堆奇怪的東西,1
我從網站買東西，結果收到一堆好像不是我買的東西,1
我沒有在網站買東西，結果收到一堆廢紙,1
我沒有在網站買東西，結果收到一堆報紙,1
我沒有在網站買東西，結果收到一堆紙,1
我從商城買東西，結果收到一堆奇怪的東西,1
我從商城買東西，結果收到一堆好像不是我買的東西,1
我沒有在商城買東西，結果收到一堆廢紙,1
我沒有在商城買東西，結果收到一堆報紙,1
我沒有在商城買東西，結果收到一堆紙,1
我從蝦皮買東西，結果收到一堆奇怪的東西,1
我從蝦皮買東西，結果收到一堆好像不是我買的東西,1
我沒有在蝦皮買東西，結果收到一堆廢紙,1
我沒有在蝦皮買東西，結果收到一堆報紙,1
我沒有在蝦皮買東西，結果收到一堆紙,1
我從露天買東西，結果收到一堆奇怪的東西,1
我從露天買東西，結果收到一堆好像不是我買的東西,1
我沒有在露天買東西，結果收到一堆廢紙,1
我沒有在露天買東西，結果收到一堆報紙,1
我沒有在露天買東西，結果收到一堆紙,1
我從淘寶買東西，結果收到一堆奇怪的東西,1
我從淘寶買東西，結果收到一堆好像不是我買的東西,1
我沒有在淘寶買東西，結果收到一堆廢紙,1
我沒有在淘寶買東西，結果收到一堆報紙,1
我沒有在淘寶買東西，結果收到一堆紙,1
我從博客來買東西，結果收到一堆奇怪的東西,1
我從博客來買東西，結果收到一堆好像不是我買的東西,1
我沒有在博客來買東西，結果收到一堆廢紙,1
我沒有在博客來買東西，結果收到一堆報紙,1
我沒有在博客來買東西，結果收到一堆紙,1
我上禮拜在購物網站網購，結果收到奇怪的東西,1
我上禮拜在購物網站網購，結果收到好像不是我買的東西,1
我上禮拜沒有在購物網站網購，結果收到廢紙,1
我上禮拜沒有在購物網站網購，結果收到報紙,1
我上禮拜沒有在購物網站網購，結果收到紙,1
我上禮拜在網站網購，結果收到奇怪的東西,1
我上禮拜在網站網購，結果收到好像不是我買的東西,1
我上禮拜沒有在網站網購，結果收到廢紙,1
我上禮拜沒有在網站網購，結果收到報紙,1
我上禮拜沒有在網站網購，結果收到紙,1
我上禮拜在網路網購，結果收到奇怪的東西,1
我上禮拜在網路網購，結果收到好像不是我買的東西,1
我上禮拜沒有在網路網購，結果收到廢紙,1
我上禮拜沒有在網路網購，結果收到報紙,1
我上禮拜沒有在網路網購，結果收到紙,1
我上禮拜在商城網購，結果收到奇怪的東西,1
我上禮拜在商城網購，結果收到好像不是我買的東西,1
我上禮拜沒有在商城網購，結果收到廢紙,1
我朋友今天去樓下便利商店按照一個親戚的教學匯款到其他帳戶,1
我朋友今天去樓下便利商店按照一個親戚的教學匯款,1
我朋友今天去樓下便利商店按照一個親戚的教學提款,1
我朋友今天去樓下便利商店按照一個親戚的教學領錢,1
我朋友今天去樓下便利商店按照一個親戚的教學操作無摺,1
我朋友今天去樓下便利商店按照一個親戚的教學操作無摺存款,1
我朋友今天去樓下便利商店按照一個親戚的教學操作開通帳戶,1
我朋友今天去樓下便利商店按照一個親戚的教學操作跨行存款,1
我朋友今天去樓下便利商店按照一個親戚的教學操作提款機,1
我朋友今天去樓下便利商店按照一個親戚的教學操作退款,1
我朋友今天去樓下便利商店按照一個親戚的教學操作ATM,1
我今早被大學同學要求去樓下全家匯入其他帳戶,1
我今早被大學同學要求去樓下全家匯款,1
我今早被大學同學要求去樓下全家提款,1
我今早被大學同學要求去樓下全家領錢,1
我今早被大學同學要求去樓下全家操作無摺,1
我今早被大學同學要求去樓下全家操作無摺存款,1
我今早被大學同學要求去樓下全家操作開通,1
我今早被大學同學要求去樓下全家操作跨行存款,1
我今早被大學同學要求去樓下全家操作提款機,1
我今早被大學同學要求去樓下全家操作退款,1
我今早被大學同學要求去樓下全家操作ATM,1
我今早被大學同學要求去樓下小七匯入其他帳戶,1
我今早被大學同學要求去樓下小七匯款,1
我今早被大學同學要求去樓下小七提款,1
我今早被大學同學要求去樓下小七領錢,1
我今早被大學同學要求去樓下小七操作無摺,1
我今早被大學同學要求去樓下小七操作無摺存款,1
我今早被大學同學要求去樓下小七操作開通帳戶,1
我今早被大學同學要求去樓下小七操作跨行存款,1
我今天接到我朋友的電話要我幫忙操作手機支付,1
我今天接到我朋友的電話要我幫忙操作手機付錢,1
我今天接到我朋友的電話要我幫忙操作手機付款,1
我今天接到我朋友的電話要我幫忙操作電信門號,1
我今天接到我朋友的電話要我幫忙操作門號付款,1
我今天接到我朋友的電話要我幫忙操作手機認證,1
我今天接到我朋友的電話要我幫忙操作認證碼,1
我今天接到我朋友的電話要我幫忙操作線上刷卡,1
公司同事今天被她的朋友詢問幫忙操作手機支付,1
公司同事今天被她的朋友詢問幫忙操作手機付錢,1
公司同事今天被她的朋友詢問幫忙操作手機付款,1
公司同事今天被她的朋友詢問幫忙操作電信門號,1
我昨天被一個朋友請求幫忙強迫用小額支付買了衣服,1
我昨天被一個朋友請求幫忙強迫用小額付費買了衣服,1
我昨天被一個朋友請求幫忙強迫用小額功能買了衣服,1
我昨天被一個朋友請求幫忙強迫用電信扣款買了衣服,1
我昨天被一個朋友請求幫忙強迫用小額支付買了東西,1
我昨天被一個朋友請求幫忙強迫用小額付費買了東西,1
我昨天被一個朋友請求幫忙強迫用小額功能買了東西,1
我昨天被一個朋友請求幫忙強迫用電信扣款買了東西,1
我昨天被一個朋友請求幫忙強迫用小額支付買了鞋子,1
我昨天被一個朋友請求幫忙強迫用小額付費買了鞋子,1
我昨天被一個朋友請求幫忙強迫用小額功能買了鞋子,1
我昨天被一個朋友請求幫忙強迫用電信扣款買了鞋子,1
今天有個不熟的人向我收取訴訟費,1
今天有個不熟的人向我收取卡費,1
今天有個不熟的人向我收取費用,1
今天有個不熟的人向我收取繳費,1
今天有個不熟的人向我收取保證金,1
今天有個不熟的人向我收取優惠,1
今天有個不熟的人向我收取投資,1
今天有個不熟的人向我收取退稅,1
今天有個不熟的人向我收取繳稅,1
今天有個不熟的人向我收取稅金,1
今天有個不熟的人向我收取代碼,1
今天有個不熟的人向我收取代碼繳費,1
今天有個不熟的人向我收取手續費,1
今天有個不熟的人向我收取健保費,1
今天有個不熟的人向我收取電信費,1
今天有個不熟的人向我收取電話費,1
今天有個不熟的人向我收取水費,1
今天有個不熟的人向我收取電費,1
今天有個不熟的人向我收取費用逾繳,1
今天有個不熟的人向我收取催繳,1
今天有個不熟的人向我收取點數,1
我昨天被好麻吉要求前往臨櫃幫忙一些事情,1
我昨天被好麻吉要求前往櫃台幫忙一些事情,1
我昨天被好麻吉要求前往銀行幫忙一些事情,1
我今天早上被好麻吉要求前往臨櫃幫忙一些事情,1
我今天早上被好麻吉要求前往櫃台幫忙一些事情,1
我今天早上被好麻吉要求前往銀行幫忙一些事情,1
我有個朋友昨天被要求前往臨櫃幫忙一些事情,1
我之前在購物網站上買東西遇到一些問題,1
我之前在購物商城上買東西遇到一些問題,1
我之前在網站上買東西遇到一些問題,1
我之前在網路上買東西遇到一些問題,1
我之前在商城上買東西遇到一些問題,1
我之前在蝦皮上買東西遇到一些問題,1
我之前在露天上買東西遇到一些問題,1
我之前在淘寶上買東西遇到一些問題,1
我之前在博客來上買東西遇到一些問題,1
我之前在telegram上買東西遇到一些問題,1
我之前在PTT上買東西遇到一些問題,1
我之前在電台上買東西遇到一些問題,1
我之前在youtube上買東西遇到一些問題,1
我之前在GBF上買東西遇到一些問題,1
我之前在dcard上買東西遇到一些問題,1
我之前在原價屋上買東西遇到一些問題,1
我之前在欣亞上買東西遇到一些問題,1
我之前在PC上買東西遇到一些問題,1
我之前在露天上買東西遇到一些問題,1
我之前在天貓上買東西遇到一些問題,1
我之前在amazon上買東西遇到一些問題,1
我之前在亞馬遜上買東西遇到一些問題,1
我之前在東京著衣上買東西遇到一些問題,1
我之前在GU上買東西遇到一些問題,1
我之前在批踢踢上買東西遇到一些問題,1
我之前在低卡上買東西遇到一些問題,1
昨天電話中的人叫我解除分期,2
昨天電話中的人叫我解除設定,2
昨天電話中的人叫我解除扣款,2
昨天電話中的人叫我解除重複扣款,2
昨天電話中的人說我重複扣款，要我去解除設定,2
我上星期接到電話說我訂單出錯導致重複訂購，要求我按照指示操作ATM,2
我上星期接到電話說我訂單出錯導致重複訂購，要求去操作ATM解除設定,2
我上星期接到電話說我訂單出錯導致重複訂購，叫我解除分期付款,2
我上星期接到電話說我訂單出錯導致重複訂購，要求我解除分期設定,2
我今天接到電話說我訂單出錯導致重複訂購，叫我解除分期設定,2
我昨天接到電話說我訂單出錯導致重複訂購，一直叫我去操作ATM,2
我上個月接到電話說我訂單出錯導致重複訂購，說我設定有問題叫我去找ATM,2
我爸爸昨天接到電話，說訂單出錯導致重複訂購，要求我按照指示操作ATM解除分期設定,2
我媽媽前天接到電話，說誤設分期，要求我按照指示操作ATM解除分期設定,2
我哥哥大前天接到電話，說訂單出錯導致重複訂購，要求我按照指示操作ATM解除分期設定,2
我兩天前接到電話，說訂單出錯導致重複訂購，要求我按照指示操作ATM解除分期設定,2
我三天前接到電話，說誤設分期，要求我按照指示操作ATM解除分期設定,2
我前陣子接到電話，說訂單出錯導致重複訂購，要求我按照指示操作ATM解除分期設定,2
我昨晚接到電話，說誤設分期，要求我按照指示操作ATM解除分期設定,2
我爸爸收到一則訊息，說網購商品設定錯誤，要我按照指示操作提款機才能解除設定,2
哥哥看到訊息，說網購商品設定錯誤，要我按照指示操作提款機才能解除設定,2
姊姊看到訊息，說網購商品設定錯誤，要我按照指示操作提款機才能解除設定,2
弟弟收到一封信，說網購商品設定錯誤，要我按照指示操作提款機才能解除設定,2
我爸爸上星期接到電話，說我訂購的商品調不到貨必須取消訂單，要求我按照指示操作ATM解除分期設定,2
我媽媽上星期接到電話，說我訂單出錯導致重複訂購，要求我按照指示操作ATM解除分期設定,2
我妹妹上星期接到電話，說我訂購的商品調不到貨必須取消訂單，要求我按照指示操作ATM解除分期設定,2
我男友上星期接到電話，說我訂購的商品調不到貨必須取消訂單，要求我按照指示操作ATM解除分期設定,2
我女友今天接到電話，說我訂單出錯導致重複訂購，要求我按照指示操作ATM解除分期設定,2
我爸爸接到語音來電，說網購商品設定錯誤，要我到超商用提款機才能解除設定,2
我媽媽收到簡訊，說網購商品設定錯誤，要我到超商用提款機才能解除設定,2
弟弟收到信箱，說網購商品設定錯誤，要我到超商用提款機才能解除設定,2
我妹收到email，說網購商品設定錯誤，要我到超商用提款機才能解除設定,2
我上星期接到電話，說我訂單出錯導致重複訂購，要求我按照指示操作ATM解除分期設定,2
我昨天接到電話，說我訂單出錯導致重複訂購，要求我按照指示操作ATM解除分期設定,2
我今天接到電話，說我訂單出錯導致重複訂購，要求我按照指示操作ATM解除分期設定,2
我前天接到電話，說我訂單出錯導致重複訂購，要求我按照指示操作ATM解除分期設定,2
我之前接到電話，說我訂單出錯導致重複訂購，要求我按照指示操作ATM解除分期設定,2
我大大前天接到電話，說我訂單出錯導致重複訂購，要求我按照指示操作ATM解除分期設定,2
我禮拜一接到電話，說我訂單出錯導致重複訂購，要求我按照指示操作ATM解除分期設定,2
我媽接到電話，說網購鞋子設定錯誤，要我到超商使用ATM才能解除設定,2
我朋友接到電話，說網購鞋子設定錯誤，要我到ATM操作才能解除設定,2
我家人收到訊息，說網購鞋子設定錯誤，要我到ATM操作才能解除設定,2
我親人接到電話，說網購鞋子設定錯誤，要我匯款到指定帳戶才能解除設定,2
我上星期接到通知，說我訂單出錯導致重複訂購，要求我按照指示操作ATM解除分期設定,2
我這禮拜接到通知，說我訂單出錯導致重複訂購，要求我按照指示操作ATM解除分期設定,2
我禮拜三接到通知，說我訂單出錯導致重複訂購，要求我按照指示操作ATM解除分期設定,2
我禮拜四接到通知，說我訂單出錯導致重複訂購，要求我按照指示操作ATM解除分期設定,2
我禮拜五接到通知，說我訂單出錯導致重複訂購，要求我按照指示操作ATM解除分期設定,2
我禮拜六接到通知，說我訂單出錯導致重複訂購，要求我按照指示操作ATM解除分期設定,2
我禮拜天接到通知，說我訂單出錯導致重複訂購，要求我按照指示操作ATM解除分期設定,2
我爸爸收到Message，說前陣子網購設定錯誤，要我到全家使用ATM才能解除設定,2
我媽媽收到私訊，說前陣子網購設定錯誤，要我到全家使用ATM才能解除設定,2
我姊姊收到私訊，說前陣子網購重複訂購，要我到全家使用ATM才能解除設定,2
我弟弟收到通知，說前陣子網購重複訂購，要我到全家使用ATM才能解除設定,2
昨天小憨接到通知，說網購商品多付一千，被要求至ATM解除扣款,2
上周我收到通知，說行員操作不甚誤扣款項，被要求至ATM解除扣款,2
小瑜接到通知，說網購商品誤設分期，被要求至ATM解除分期,2
昨天小憨接到通知，說網購商品多付一千，被要求至ATM解除分期,2
小涵接到通知，說網購扣款期數設定錯誤，被要求至ATM解除分期,2
小國接到通知，說訂購商品缺貨，被要求至ATM解除扣款,2
小戚接到通知，說網購扣款金額多扣，被要求至ATM解除扣款,2
小涵收到通知，說行員誤鎖帳戶，要去ATM才能解除設定,2
小島接到通知說重複下單被凍結用戶，要ATM匯款才能解除設定,2
小貢網購，被賣家告知帳戶問題，要用ATM轉帳才能解除設定,2
小仔被告知郵購結帳設定錯誤，要去ATM支付一筆金額才能解除設定,2
我上星期接到賣家的訊息，說我訂單出錯導致無法出貨，要求我按照指示操作ATM解除設定,2
我上星期接到客服的通知，說我訂單出錯導致訂單數量錯誤，要求我按照指示操作ATM解除設定,2
我上星期收到市場的通知，說我訂單出錯導致重複下單12筆，要求我按照指示操作ATM解除設定,2
我上星期收到PAZZO的通知，說我訂單出錯導致金額多扣，要求我按照指示操作ATM解除扣款,2
我上星期收到淘寶的通知，說我訂購的商品斷貨，要求我按照指示操作ATM來解除設定,2
我上星期接到電信客服的通知，說我使用電信小額付費重複扣款，要求我按照指示操作ATM解除設定,2
我上星期接到拓元的通知，說我訂單出錯導致購票失敗，要求我按照指示操作ATM解除設定,2
我在收到陌生訊息，說我的照片在交友軟體被盜用，要我匯款到指定帳戶才會解除設定,2
我收到賣家的訊息，說網購商品重複下單，要我到ATM操作才能解除設定,2
購物網站的賣家要求我私下交易,2
我在某購物網上買東西結果收到假貨,2
我在某購物網上買東西結果收到垃圾,2
我在某購物網上買東西結果收到劣質品,2
我在某購物網上買東西結果收到便宜貨,2
我在某購物網上買東西結果沒收到產品,2
我在某購物網上買東西結果沒有出貨,2
我在某購物網上買東西結果賣家不見,2
我在某購物網上買東西然後賣家消失不見了,2
我姊在購物網站結果買到垃圾,2
我姊在購物網站結果買到劣質品,2
我姊在購物網站然後買到A貨,2
我姊在購物網站然後買到B貨,2
有人在購物網站以名人代言吸引大家購買產品，我匯款後收不到產品,2
有人在購物網站以名人代言吸引大家購買產品，我匯款後賣家沒有回應,2
有人在購物網站以優惠價吸引大家購買產品，我匯款後收到一堆垃圾,2
有人在購物網站以優惠吸引大家購買產品，我匯款後發現收到A貨,2
有人在購物網站以學生價代言吸引大家購買產品，我匯款後發現收到B貨,2
我看到購物網站號稱正品的addidas賣的超便宜評價也不錯，但我匯款後沒收到產品,2
我看到購物網站號稱正品的耳機賣的超便宜評價也不錯，但我匯款後沒收到產品,2
我看到購物網站號稱正品的滑鼠墊賣的超便宜評價也不錯，但我匯款後沒收到產品,2
我看到購物網站號稱正品的包包賣的超便宜評價也不錯，但我匯款後沒收到產品,2
有人在購物網站上以超低優惠吸引大家購買產品，我爸爸匯款後沒收到產品,2
有人在購物網站上以超低優惠吸引大家購買產品，媽媽發現收到仿冒品,2
有人在購物網站上以超低優惠吸引大家購買產品，叔公發現收到仿冒品,2
有人在購物網站以名人代言吸引大家購買產品，媽媽匯款後沒收到產品,2
有人在購物網站以名人代言吸引大家購買產品，我爸匯款後沒收到產品,2
有人在購物網站以名人代言吸引大家購買產品，我朋友匯款後沒收到產品,2
有人在購物網站以名人代言吸引大家購買產品，我女友匯款後沒收到產品,2
有人在購物網站以名人代言吸引大家購買產品，男友匯款後沒收到產品,2
有人在購物網站以名人代言吸引大家購買產品，我親人匯款後發現收到仿冒品,2
有人在購物網站名人代言吸引大家購買產品，我隔壁同學匯款後發現收到仿冒品,2
有人在號稱工廠出清的購物網站上以超低優惠吸引大家購買產品，去年匯款後發現收到仿冒品,2
有人在Friday購物網上以超低優惠吸引大家購買產品，今年匯款後收到仿冒品,2
有人在Zuvio購物網上以超低優惠吸引大家購買產品，昨日匯款後發現收到仿冒品,2
有人在嘖嘖購物網上以超低優惠吸引大家購買產品，昨天匯款後收到仿冒品,2
有人在巴哈購物網上以超低優惠吸引大家購買產品，禮拜一匯款後發現收到仿冒品,2
我在雅虎購物網上買東西收到便宜貨,2
我在雅虎購物網上買東西沒收到產品,2
我在雅虎購物網上買東西沒有出貨,2
我在雅虎購物網上買東西結果賣家不見,2
我在雅虎購物網上買東西然後賣家消失,2
我在yahoo購物網上買東西收到便宜貨,2
我在yahoo購物網上買東西沒收到產品,2
我在yahoo購物網上買東西沒有出貨,2
我在yahoo購物網上買東西結果賣家不見,2
我在yahoo購物網上買東西然後賣家消失,2
我在奇摩的購物網上買東西沒收到產品,2
我在奇摩的購物網上買東西沒有出貨,2
我在奇摩的購物網上買東西結果賣家不見,2
我在奇摩的購物網上買東西然後賣家消失,2
小A被告知有多益參考書半價，但是匯款之後沒有收到產品。,2
我媽媽看到大量批貨取得便宜價格，匯款之後沒有收到產品,2
我看到虛擬貨幣代儲，匯款之後沒有收到產品,2
我朋友在mono上面網購商品，匯款之後收到仿冒品,2
國愚購買輪胎，匯款後收到假貨,2
國愚以半價購買迪士尼門票，匯款後沒有收到商品,2
國愚購買食用油，匯款後收到假貨,2
有人在社團以原價商品7折吸引大家購買產品，我匯款後收不到產品。,2
有人以原價商品7折吸引大家購買產品，我爸匯款後結果收到假貨。,2
有人用原價商品7折吸引大家購買產品，我媽匯款後收不到產品。,2
有人在群組假冒顏清標吸引大家購買水餃，我匯款後只收到2顆消波塊。,2
有人假冒顏清標吸引大家購買水餃，我好朋友匯款後只收到2顆消波塊。,2
有人看到G-shock只要半價，吸引大家購買產品，我媽匯款後買到手錶上寫G-suck的假貨。,2
我看到G-shock只要半價，吸引大家購買產品，我匯款後買到手錶上寫G-suck的假貨。,2
我上星期收到通知，說我爸有貨還沒領，叫我直接拿著簡訊繳款，否則就要被列入黑名單，領貨完就看到裡面只有幾張廢紙。,2
我上星期收到通知，說我家人有貨還沒領，叫我直接拿著簡訊繳款，否則就要被列入黑名單，領貨完就看到裡面只有幾張廢紙。,2
我上星期收到通知，說我哥有貨還沒領，叫我直接拿著簡訊繳款，否則就要被列入黑名單，領貨完就看到裡面只有幾張廢紙。,2
我在掏寶上買東西收到仿冒品,2
有人在群組裡面以名人代言吸引大家購買產品，我匯款後發現收到仿冒品,2
有人在網頁廣告裡以名人代言吸引大家購買產品，我匯款後發現收到仿冒品,2
有人在社團裡面以名人代言吸引大家購買產品，我匯款後發現收到仿冒品,2
有人在不知名的網頁裡面以名人代言吸引大家購買產品，我匯款後發現收到仿冒品,2
看到賣家號稱正品的衣服賣的超便宜評價也不錯，但我匯款後沒收到產品,2
看到賣家號稱正品的nike賣的超便宜評價也不錯，但我匯款後收不到產品,2
看到賣家號稱正品的new blance賣的超便宜評價也不錯，但我匯款後沒收到產品,2
有人在微網路上以名人代言吸引大家購買產品，我哥哥匯款後沒收到產品,2
有人在網路上以超低優惠吸引大家購買產品，我姊姊匯款後沒收到產品,2
有人在網路上以名人代言吸引大家購買產品，我弟弟匯款後沒收到產品,2
有人以名人代言吸引大家購買產品，老王匯款後發現收到仿冒品,2
有人以名人代言吸引大家購買產品，老陳匯款後發現收到仿冒品,2
有人以名人代言吸引大家購買產品，我認識一個人匯款後發現收到仿冒品,2
有個簡體字的奇怪網頁向我索取google帳密,2
有個簡體字的奇怪網頁向我索取apple id,2
有個簡體字的奇怪網頁向我索取小額認證瑪,2
有個簡體字的奇怪網頁向我索取小額付費認證瑪,2
家人前天跟我說有個很多大陸用語的網站跟他要求google帳密,2
家人前天跟我說有個很多大陸用語的網站跟他要求apple id,2
家人前天跟我說有個很多大陸用語的網站跟他要求小額認證瑪,2
家人前天跟我說有個很多大陸用語的網站跟他要求小額付費認證瑪,2
有人以奇怪的理由，叫我提供小額付費認證碼以進行小額付費,2
有人以奇怪的理由，叫我提供認證碼以進行小額付費,2
有人以奇怪的理由，叫我提供認證碼序號,2
有人以奇怪的理由，叫我姊姊提供小額付費認證碼以進行小額付費,2
有人用提供虛擬貨幣的名義，叫我叔公提供小額付費認證碼以進行小額付費，這是詐騙嗎?,2
有人用提供虛擬貨幣的名義，叫我奶奶提供小額付費認證碼以進行小額付費，這是詐騙嗎?,2
有人以提供虛擬貨幣為由，叫朋友提供小額付費認證碼以進行小額付費，之後收到帳單內容有所差異,2
有人以提供虛擬貨幣為由，叫同事提供小額付費認證碼以進行小額付費，之後我收到帳單覺得怪怪的,2
有人以提供虛擬貨幣為由，叫我親人提供小額付費認證碼以進行小額付費，之後收到帳單內容有所差異,2
有人講一些我聽不懂的東西，然後叫我好朋友提供小額付費認證碼以進行小額付費,2
有人講一些我聽不懂的東西，然後叫我禮拜一提供小額付費認證碼以進行小額付費,2
有人講一些我聽不懂的東西，然後叫我禮拜二提供小額付費認證碼以進行小額付費,2
有人以提供虛擬貨幣為由，叫我禮拜三提供小額付費認證碼以進行小額付費,2
有人以提供遊戲貨幣為由，叫我禮拜天提供小額付費認證碼以進行小額付費,2
有人以提供遊戲貨幣為由，叫我明天提供小額付費認證碼以進行小額付費,2
有人以提供遊戲貨幣為由，叫我昨天提供小額付費認證碼以進行小額付費,2
有人以提供遊戲貨幣為由，叫我前天提供小額付費認證碼以進行小額付費,2
認識一個人以團購才能買便宜貨為由，叫我禮拜一提供小額付費認證碼以進行小額付費,2
認識一個人以團購才能買便宜貨為由，叫我禮拜五提供小額付費認證碼以進行小額付費,2
認識一個人以團購才能買便宜貨為由，叫我禮拜六提供小額付費認證碼以進行小額付費,2
認識一個人以團購才能買便宜貨為由，叫我禮拜天提供小額付費認證碼以進行小額付費,2
認識一個人以團購才能買便宜貨為由，叫我昨天提供小額付費認證碼以進行小額付費,2
認識一個人以團購才能買便宜貨為由，叫我前天提供小額付費認證碼以進行小額付費,2
認識一個人以團購才能買便宜貨為由，叫我大前天提供小額付費認證碼以進行小額付費,2
小寒接到通知，然後被陌生人被要求提供小額認證碼來兌換獎勵,2
小虢使用虛幣代儲，結果代儲的大陸網頁要求提供小額認證碼,2
小妤參加直播抽獎，然後主播要求她提供手機裡面的小額認證碼來參加抽獎,2
小長在通知看到免費健身套餐，聯繫對方後被要求提供手機裡面的小額認證碼,2
小基透過通知進行帳戶諮詢，對方要求提供手機裡面的小額認證碼,2
小巴網路上兌換北京單程機票，網站要求輸入在手機裡面的小額認證碼,2
小仁透過通知兌換免費溜之大吉帽T，兌換時要求輸入手機裡面的小額認證碼,2
有人以抽獎活動為由，叫我下禮拜提供小額付費認證碼以進行報名活動，之後收到帳單覺得怪怪的，抽獎也沒抽到我。,2
有人在粉絲專頁以抽獎活動為由，叫我上禮拜提供小額付費認證碼以進行報名活動，之後收到帳單覺得怪怪的，抽獎也沒抽到我。,2
有人以抽獎活動為由，叫我昨天提供小額付費認證碼以進行報名活動，之後收到帳單覺得怪怪的，抽獎也沒抽到我。,2
有人以抽獎活動為由，叫我前陣子提供小額付費認證碼以進行報名活動，之後收到帳單覺得怪怪的，抽獎也沒抽到我。,2
看到有人在PUBG以提供虛擬貨幣為由，叫我提供小額付費認證碼進行小額付費,2
看到有人在fb貼文以提供折扣商品為由，叫我提供小額付費認證碼以進行小額付費,2
看到有人在網頁分享以提供折扣商品為由，叫我提供小額付費認證碼以進行小額付費,2
看到有人在官方帳號上以提供折扣商品為由，提供小額付費認證碼進行小額付費,2
看到有人在網上以提供折扣商品為由，提供小額付費認證碼以進行小額付費,2
看到有人在官網以提供折扣商品為由，提供小額付費認證碼進行小額付費,2
有人用一些奇怪的理由叫我朋友提供小額認證碼以進行小額付費,2
有人用一些奇怪的理由叫我爸爸提供小額認證碼進行小額付費,2
有人用一些奇怪的理由叫我媽媽提供小額認證碼以進行小額付費,2
有人用一些奇怪的名義，叫我姊姊提供小額認證碼以進行小額付費，這是詐騙嗎?,2
有人用一些奇怪的名義，叫我弟弟提供小額認證碼以進行小額付費，這是詐騙嗎?,2
有人用一些奇怪的名義，叫我阿妹提供小額認證碼以進行小額付費，這是詐騙嗎?,2
有人提供虛擬貨幣叫阿公提供小額認證碼以進行小額付費,2
有人提供虛擬貨幣叫我同學小名提供小額認證碼以進行小額付費,2
有人提供虛擬貨幣叫老王提供小額認證碼以進行小額付費,2
有人用一些奇怪的說法叫我禮拜四提供小額付費認證碼進行小額付費,2
有個自稱國稅局的人告訴我如何辦理傳真公文,2
有個自稱國稅局的人告訴我如何辦理凍結帳戶,2
有個自稱國稅局的人告訴我如何辦理帳戶資料,2
有個自稱國稅局的人告訴我如何辦理法院保管,2
有個自稱國稅局的人告訴我如何辦理法院保管財產,2
有個自稱國稅局的人告訴我如何辦理法院保管存摺,2
有個自稱國稅局的人告訴我如何辦理申請資金公證,2
有個自稱國稅局的人告訴我如何辦理監管帳戶,2
我在公司的時候有位警察打來要我傳真公文,2
我在公司的時候有位警察打來要我指定帳戶,2
我在公司的時候有位警察打來要我凍結帳戶,2
我在公司的時候有位警察打來要我帳戶資料,2
我在公司的時候有位警察打來要我法院保管,2
我在公司的時候有位警察打來要我法院保管財產,2
我在公司的時候有位警察打來要我法院保管存摺,2
我在公司的時候有位警察打來要我申請資金公證,2
我在公司的時候有位警察打來要我監管帳戶,2
早上我媽打來告訴我有位檢察官跟他說需要傳真公文,2
早上我媽打來告訴我有位檢察官跟他說需要凍結帳戶,2
早上我媽打來告訴我有位檢察官跟他說需要帳戶資料,2
早上我媽打來告訴我有位檢察官跟他說需要法院保管,2
早上我媽打來告訴我有位檢察官跟他說需要法院保管財產,2
早上我媽打來告訴我有位檢察官跟他說需要法院保管存摺,2
早上我媽打來告訴我有位檢察官跟他說需要申請資金公證,2
早上我媽打來告訴我有位檢察官跟他說需要監管帳戶,2
今天我聽別人說法院傳真公文是詐騙?,2
今天我聽別人說法院凍結帳戶是詐騙?,2
今天我聽別人說法院需要帳戶資料是詐騙?,2
今天我聽別人說法院需要法院保管是詐騙?,2
今天我聽別人說法院需要法院保管財產是詐騙?,2
今天我聽別人說法院需要法院保管存摺是詐騙?,2
今天我聽別人說法院需要申請資金公證是詐騙?,2
今天我聽別人說法院需要監管帳戶是詐騙?,2
我爸跟我如果有公務人員說傳真公文是詐騙,2
我爸跟我如果有公務人員說凍結帳戶是詐騙,2
我爸跟我如果有公務人員說需要帳戶資料是詐騙,2
我爸跟我如果有公務人員說需要法院保管是詐騙,2
我爸跟我如果有公務人員說需要法院保管財產是詐騙,2
我爸跟我如果有公務人員說需要法院保管存摺是詐騙,2
我爸跟我如果有公務人員說需要申請資金公證是詐騙,2
我爸跟我如果有公務人員說需要監管帳戶是詐騙,2
聽說法院傳真公文是詐騙,2
聽說法院凍結帳戶是詐騙,2
聽說法院需要帳戶資料是詐騙,2
聽說需要法院保管是詐騙,2
聽說需要法院保管財產是詐騙,2
聽說需要法院保管存摺是詐騙,2
聽說法院需要申請資金公證是詐騙,2
聽說法院需要監管帳戶是詐騙,2
新聞說任何人提到傳真公文是詐騙,2
新聞說任何人提到凍結帳戶是詐騙,2
新聞說任何人提到需要帳戶資料是詐騙,2
新聞說任何人提到需要法院保管是詐騙,2
新聞說任何人提到需要法院保管財產是詐騙,2
新聞說任何人提到需要法院保管存摺是詐騙,2
新聞說任何人提到需要申請資金公證是詐騙,2
新聞說任何人提到需要監管帳戶是詐騙,2
朋友昨天跟我說有警政署打給他要求傳真公文,2
朋友昨天跟我說有警政署打給他要求凍結帳戶,2
朋友昨天跟我說有警政署打給他要求需要帳戶資料,2
朋友昨天跟我說有警政署打給他要求需要法院保管,2
朋友昨天跟我說有警政署打給他要求需要法院保管財產,2
朋友昨天跟我說有警政署打給他要求需要法院保管存摺,2
之前媽媽看到抽獎活動，等填完個人資料後，就通知我已經中獎，只要匯款繳交保證金即可領取，然後我就聯絡不上賣家,2
之前姊姊看到抽獎活動，等填完個人資料後，就通知我已經中獎，只要匯款繳交保證金即可領取，然後我就聯絡不上賣家,2
之前弟弟看到抽獎活動，等填完個人資料後，就通知我已經中獎，只要匯款繳交保證金即可領取，然後我就聯絡不上賣家,2
之前表弟看到抽獎活動，等填完個人資料後，就通知我已經中獎，只要匯款繳交保證金即可領取，然後我就聯絡不上賣家,2
我奶奶看到抽獎活動，再填完個人資料後，一個禮拜後就通知我中獎，要先繳交一部份的稅額即可領取，然後就聯絡不上賣家了,2
我阿公看到抽獎活動，再填完個人資料後，一個禮拜後就寄通知信給我中獎，要先繳交一部份的稅額即可領取，然後就聯絡不上賣家了,2
我阿罵看到抽獎活動，再填完個人資料後，一個禮拜後就電話通知我中獎，要先繳交一部份的稅額即可領取，然後我就聯絡不賣家人,2
小溜購買新款水果手機，轉帳給賣家後卻聯絡不上賣家,2
小酸購買F1高雄站門票，付完款後卻聯絡不上賣家,2
為什麼會聯絡不上我在掏寶買衣服的賣家,2
為什麼會聯絡不上我在掏寶買東西的賣家,2
之前在Weibo看到抽獎活動，等填完個人資料後，客服就通知我已經中獎，只要匯款繳交保證金即可領取，然後我就聯絡不上賣家,2
我男友接到一通有關抽獎活動的資訊，再告訴完個人資料後，一個禮拜後就通知我中獎，要先繳交一部份的稅額即可領取，然後就聯絡不上賣家了,2
禮拜二看到抽獎活動，等填完個人資料後，客服就通知我已經中獎，只要匯款繳交保證金即可領取，然後我就聯絡不上賣家,2
前陣子看到抽獎活動，等星期五填完個人資料後，客服就通知我已經中獎，只要匯款繳交保證金即可領取，然後我就聯絡不到賣家,2
之前看到抽獎活動，等填完個人資料後，上禮拜客服就通知我已經中獎，只要匯款繳交保證金即可領取，然後我就聯絡不到賣家,2
之前看到抽獎活動，這幾天等填完個人資料後，客服就通知我已經中獎，只要匯款繳交保證金即可領取，然後我就聯絡不到賣家,2
之前看到抽獎活動，等我填完個人資料後，客服就通知我已經中獎，只要匯款繳交保證金即可領取，然後我就聯絡不到賣家,2
之前在生活市集看到抽獎活動，我媽填完個人資料後，客服就通知我已經中獎，只要匯款繳交保證金即可領取，然後我就聯絡不到賣家,2
家人看到抽獎活動，隔幾天就通知他已經中獎，只要匯款繳交保證金即可領取，然後就聯絡不到賣家了,2
之前在YOUTUBE看到抽獎活動，等填完個人資料後，就通知我已經中獎，只要匯款繳交保證金即可領取，然後我就聯絡不到賣家,2
之前在臉書看到抽獎活動，等填完個人資料後，就通知我已經中獎，只要匯款繳交保證金即可領取，然後我就聯絡不到賣家,2
之前在群組看到抽獎活動，等填完個人資料後，就通知我已經中獎，只要匯款繳交保證金即可領取，然後我就聯絡不到賣家,2
有人以周杰倫代言吸引大家購買產品，我匯款後聯絡不到賣家了,2
我媽看到有人用低價吸引她購買產品，我匯款後人就聯絡不到賣家了,2
之前哥哥有參加個抽獎活動，然後就通知他中獎，只要匯款繳交保證金即可領取，然後就聯絡不到賣家,2
之前在Facebook看到抽獎活動，等填完個人資料後，客服就通知我已經中獎，只要匯款繳交保證金即可領取，然後我就聯絡不到賣家,2
哥哥在網上認識一個人，說有貨運請我代收，目前已經付了運費。後來接到貨運公司打來要求支付變更所有人的手續費， 然後就匯款到指定帳戶，但是沒收到東西,2
姊姊在網上認識一個人，說有東西請我代收，目前已經付了運費。後來接到貨運公司打來要求支付變更所有人的手續費， 然後就匯款到指定帳戶，但是沒收到東西,2
媽媽在網上認識一個人，說要寄包裹請我代收，後來接到貨運公司打來要求支付變更所有人的手續費， 然後就匯款到指定帳戶，但是沒收到東西,2
我爸爸認識一個人，請我代收包裹，目前已經付了運費。後來接到貨運公司打來要求支付變更所有人的手續費， 然後就匯款到指定帳戶，但是我沒收到東西,2
我媽媽認識一個人，請我代收禮物，目前已經付了運費。後來接到貨運公司打來要求支付變更所有人的手續費， 然後就匯款到指定帳戶，但是我沒收到東西,2
我姊姊認識一個人，請我代收鞋子，後來接到貨運公司打來要求支付變更所有人的手續費， 然後就匯款到指定帳戶，但是我沒收到東西,2
我男友認識一個人，請我代收包包，後來接到貨運公司打來要求支付變更所有人的手續費， 然後就匯款到指定帳戶，但是我沒收到東西,2
我家人認識一個人，說要寄錢包請我代收，後來接到貨運公司打來要求支付變更所有人的手續費， 然後就匯款到指定帳戶，但是沒收到東西,2
我朋友認識一個人，說要寄一筆錢請我代收，目前已經付了運費。後來接到貨運公司打來要求支付變更所有人的手續費， 然後就匯款到指定帳戶，但是沒收到東西,2
我女友認識一個人，說要寄資產請我代收，目前已經付了運費。後來接到貨運公司打來要求支付變更所有人的手續費， 然後就匯款到指定帳戶，但是沒收到東西,2
我阿祖認識一個人，說要寄遺產請她代收，目前已經付了運費。後來接到貨運公司打來要求支付變更所有人的手續費， 然後就匯款到指定帳戶，但是沒收到東西,2
阿陳認識一個人說要寄包裹請我代收，已經付了一些錢。後來接到貨運公司打來要求支付變更所有人的手續費， 然後就匯款到指定帳戶，但是沒收到貨,2
上司認識一個人說要寄限時掛號請我代收，已經付了一些錢。後來接到貨運公司打來要求支付變更所有人的手續費， 然後就匯款到指定帳戶，但是沒收到貨,2
我主管認識一個人說要寄包裹請我代收，已經付了一些錢。後來接到貨運公司打來要求支付變更所有人的手續費， 然後就匯款到指定帳戶，但是沒收到貨,2
我表弟說有個人要寄包裹請我代收，付了運費。後來接到貨運公司打來要求支付變更所有人的手續費， 然後就匯款到指定帳戶，但是沒收到貨,2
我表哥說有個人要寄掛號請我代收，已經付了運費。接到貨運公司打來要求支付變更所有人的手續費， 然後就匯款到指定帳戶，但是沒收到貨,2
我媽說有個人要寄包裹請我代收，已經付了運費。然後接到貨運公司打來要求支付變更所有人的手續費， 然後就匯款到指定帳戶，但是沒收到貨,2
我在英雄聯盟上有一個人說有包裹請我代收，已經付了運費。後來接到貨運打來要求支付變更所有人的手續費， 然後就匯款到指定帳戶，但是沒收到貨,2
我在狄卡上有一個人說有寄包裹請我代收，已經付了運費。後來接到貨運打來要求支付變更所有人的手續費， 然後就匯款到指定帳戶，但是沒收到貨,2
我在群組上有一個人說有包裹請我代收，已經付了運費。然後接到貨運打來要求支付變更所有人的手續費， 然後就匯款到指定帳戶，但是沒收到貨,2
爸爸說有人要寄包裹代收，已經付了運費。後來接到貨運公司打來要求支付變更所有人的手續費， 然後就匯款到指定帳戶，但是沒收到貨,2
我哥哥說有個人請他代收包裹，目前已經付了運費。後來接到某貨運打來要求支付變更所有人的手續費， 然後就匯款到指定帳戶，但是我沒收到貨,2
老媽說有個人寄包裹請我代收，目前已經付了運費。後來接到貨運公司打來要求支付變更所有人的手續費， 然後就匯款到指定帳戶，但是沒收到東西,2
有人在批踢踢以大量批貨才能取得優惠價格為由，廣招成員下單並匯款，事後我就被封鎖,2
有人在Telegram以大量批貨才能取得優惠價格為由，廣招成員下單並匯款，事後我就被封鎖和退出群組,2
在碧藍幻想遇到一個人，對方推薦「數字資產交易中心」網站，然後我匯款之後發現那個網站已經關閉了,2
在PTT遇到一個人，對方推薦「數字資產交易中心」網站，然後我匯款之後發現那個網站已經關閉了,2
在R6遇到一個人，對方推薦「數字資產交易中心」網站，然後我匯款之後發現那個網站已經關閉了,2
有人用大量批貨才能取得優惠價格的理由，大量招募團購名單，事後我就被封鎖和退出群組,2
有人用團購優惠價的理由，大量招募團購名單，事後我爸爸就被封鎖和退出群組,2
有人用大量訂購享有優惠的理由，大量招募團購名單，事後我媽媽就被封鎖和退出群組,2
我遇到一個人，對方推薦「數字資產交易中心」網站，然後我媽匯款之後發現那個網站就關閉了,2
我遇到一個人，對方推薦「數字資產交易中心」網站，然後我姊匯款之後發現那個網站就關閉了,2
我接到一通電話，對方推薦「數字資產交易中心」網站，然後我兒子匯款之後發現那個網站就關閉了,2
小高加入競標群組，得標付款後卻被封鎖,2
小梅報名西點速成班，繳完報名費後被退出群組,2
小發簽賭六合彩，下注後卻被賣家封鎖,2
小才在網上看到低於行情的熱熔胎，下單付款後被賣家封鎖,2
小樹在約會網站上購買金會員，付款後發現網站關閉,2
小友在網上應徵工作，填寫完整資料後發現網站已關閉,2
小農購入大量巴拉刈，匯款後發現網站關閉,2
小赦網購被賣家要求使用不明第三支付，付款後發現網站已不存在,2
為什麼我在line網購會被賣家退出群組,2
為什麼賣家匯款完之後就關閉網站了,2
為什麼我線上刷卡的刷卡金額會與標示不符,2
為什麼我看到一個賣東西的網站使用一堆大陸用語,2
為什麼我看到一個賣東西的網站使用直郵這種大陸用語,2
為什麼有一個賣東西的網站使用一堆像是郵費這種大陸用語,2
之前在臉書看到抽獎活動，等填完個人資料後，客服就通知我已經中獎，只要匯款繳交保證金即可領取，然後就沒有下文,2
之前在推特看到抽獎活動，等填完個人資料後，客服就通知我已經中獎，只要匯款繳交保證金即可領取，然後就沒有下文,2
媽媽看到有人以大量批貨才能取得優惠價格為由，廣招成員下單並匯款，群組就無故消失了,2
奶奶看到有人以大量批貨才能取得優惠價格為由，廣招成員下單並匯款，事後就被退出群組,2
禮拜一有人以大量批貨才能取得優惠價格為由，廣招成員下單並匯款，事後我就被封鎖,2
前幾天有人以大量批貨才能取得優惠價格為由，廣招成員下單並匯款，事後我就被封鎖,2
剛剛看到有人以大量批貨才能取得優惠價格為由，廣招成員下單並匯款，事後我就被封鎖,2
去年看到有人以大量批貨才能取得優惠價格為由，廣招成員下單並匯款，事後我就被封鎖,2
昨天遇到一個人，對方推薦「數字資產交易中心」網站，叫我購買商品，然後我匯款之後發現那個網站已經關閉了,2
剛剛遇到一個人，對方推薦「數字資產交易中心」網站，叫我購買商品，然後我匯款之後發現那個網站已經關閉了,2
中午遇到一個人，對方推薦「數字資產交易中心」網站，叫我購買商品，然後我匯款之後發現那個網站已經關閉了,2
晚上遇到一個人，對方推薦「數字資產交易中心」網站，叫我購買商品，然後我匯款之後發現那個網站已經關閉了,2
有人昨天以大量批貨才能取得優惠價格為由，廣招成員下單並匯款，事後我就被封鎖,2
有人大前天以大量批貨才能取得優惠價格為由，廣招成員下單並匯款，事後我就被封鎖,2
有人在ebay以大量批貨才能取得優惠價格為由，廣招成員下單並匯款，事後我就被封鎖,2
有人前幾天以大量批貨才能取得優惠價格為由，廣招成員下單並匯款，事後我就被封鎖,2
我媽遇到一個人，對方推薦一個網站，叫我購買虛擬貨幣，然後我匯款之後發現那個網站已經關閉了,2
我爸在股狗網遇到一個人，對方推薦一個網站，叫我購買虛擬貨幣，然後我匯款之後發現那個網站已經關閉了,2
我姊遇到一個人，對方推薦一個網站，叫我購買虛擬貨幣，然後我匯款之後發現那個網站已經關閉了,2
朋友遇到一個人，對方推薦一個網站，叫我購買虛擬貨幣，然後我匯款之後發現那個網站已經關閉了,2
昨天有個陌生男子叫我付一筆變更所有人手續費,2
昨天電話中有個陌生人叫我付一筆簽署文書費用,2
昨天電話中有個陌生人叫我付一筆代收包裹手續費,2
小棲採用預先付款網購，到貨後因與本名不服被要求繳納變更所有人手續費,2
小謙代收室友包裹，物流士卻要求支付變更所有人手續費,2
小百網購被店家誤植資料，商家要求支付變更所有人手續費,2
小惋訂購勞力士，收貨時因資料不合被增收變更所有人手續費,2
我上星期接到地檢署的通知，說我之前有一堆超速罰單還沒繳，還帶利息，叫我把款項匯到他指定的銀行戶頭。,2
我上星期接到地檢署的通知，說我之前有一堆違停罰單還沒繳，還帶利息，叫我把款項匯到他指定的銀行戶頭。,2
我上星期接到地檢署的通知，說我之前有一堆闖紅燈的罰單還沒繳，還帶利息，叫我把款項匯到他指定的銀行戶頭。,2
有人以SPOTIFY家庭版為由，廣招成員下單並匯款，事後我就被退出群組。,2
有人在網路上以SPOTIFY家庭版為由，廣招成員下單並匯款，事後我就被退出群組。,2
有人昨天以SPOTIFY家庭版為由，廣招成員下單並匯款，事後我就被退出群組。,2
有人去年以NETFLIX家庭版為由，廣招成員下單並匯款，事後我就被退出群組。,2
昨天遇到一個人叫我購買商品，然後我匯款之後發現那個網站已經關閉了,2
我哥在英雄聯盟遇到一個人，叫他購買虛擬貨幣，然後我匯款之後發現那個網站已經關閉了,2
我收到陌生訊息，說我的帳號密碼被入侵，要我匯款到指定帳戶才能歸還帳密。,2
我親戚收到陌生訊息，說帳號密碼被入侵，要我匯款到指定帳戶才能歸還帳密。,2
鄰居收到陌生訊息，說我的帳號密碼被入侵，要我匯款到指定帳戶才能歸還帳密。,2
在狄卡遇到一個人，對方叫我購買商品，然後我匯款之後就找不到那個網站了,2
有人在DCARD以大量批貨才能取得優惠價格為由，叫一堆人下單並匯款，然後我就被退出群組,2
在GBF遇到一個人，對方推薦某個網購買產品，然後我匯款之後發現那個網站已經關閉了,2
有人用團購再10個就有優惠的理由，大量招募團購名單，事後我哥哥就被封鎖了,2
我同學遇到一個人，對方推薦某個網站，叫我他買虛擬貨幣，然後我匯款之後發現那個網站就關閉了,2
爺爺看到line有人大量批貨才能取得優惠價格，請他下單並匯款，事後群組就不見了,2
我今天早上收到賴通知，有人向我索取印鑑,2
我今天早上收到fb通知，有人向我索取印鑑,2
我今天早上收到臉書通知，有人向我索取印鑑,2
我今天早上收到電話通知，有人向我索取印鑑,2
我今天早上收到手機通知，有人向我索取印鑑,2
我今天早上收到簡訊通知，有人向我索取印鑑,2
我今天早上收到email通知，有人向我索取印鑑,2
我今天早上收到私訊通知，有人向我索取印鑑,2
我今天早上收到電郵通知，有人向我索取印鑑,2
我今天早上收到信箱通知，有人向我索取印鑑,2
我今天早上收到微信通知，有人向我索取印鑑,2
我今天早上收到messenger通知，有人向我索取印鑑,2
我今天早上收到群組通知，有人向我索取印鑑,2
今天早上Lol有人密我，有人向我索取印鑑,2
今天早上LoL有人密我，有人向我索取印鑑,2
我今天早上收到賴通知，有人向我索取存摺,2
我今天早上收到fb通知，有人向我索取存摺,2
我今天早上收到臉書通知，有人向我索取存摺,2
我今天早上收到電話通知，有人向我索取存摺,2
我今天早上收到手機通知，有人向我索取存摺,2
我今天早上收到簡訊通知，有人向我索取存摺,2
我今天早上收到email通知，有人向我索取存摺,2
我今天早上收到私訊通知，有人向我索取存摺,2
我今天早上收到電郵通知，有人向我索取存摺,2
我今天早上收到信箱通知，有人向我索取存摺,2
我今天早上收到微信通知，有人向我索取存摺,2
我今天早上收到messenger通知，有人向我索取存摺,2
我今天早上收到群組通知，有人向我索取存摺,2
今天早上Lol有人密我，有人向我索取存摺,2
今天早上LoL有人密我，有人向我索取存摺,2
我今天早上收到line通知，有人向我索取存簿,2
我今天早上收到賴通知，有人向我索取存簿,2
我今天早上收到fb通知，有人向我索取存簿,2
我今天早上收到臉書通知，有人向我索取存簿,2
我今天早上收到電話通知，有人向我索取存簿,2
我今天早上收到手機通知，有人向我索取存簿,2
我今天早上收到簡訊通知，有人向我索取存簿,2
我今天早上收到email通知，有人向我索取存簿,2
我今天早上收到私訊通知，有人向我索取存簿,2
我今天早上收到電郵通知，有人向我索取存簿,2
我今天早上收到信箱通知，有人向我索取存簿,2
我今天早上收到微信通知，有人向我索取存簿,2
我今天早上收到messenger通知，有人向我索取存簿,2
我今天早上收到群組通知，有人向我索取存簿,2
今天早上Lol有人密我，有人向我索取存簿,2
我今天早上收到line通知，有人向我索取提款卡,2
我今天早上收到賴通知，有人向我索取提款卡,2
我今天早上收到fb通知，有人向我索取提款卡,2
我今天早上收到臉書通知，有人向我索取提款卡,2
我今天早上收到電話通知，有人向我索取提款卡,2
我今天早上收到手機通知，有人向我索取提款卡,2
我今天早上收到簡訊通知，有人向我索取提款卡,2
我今天早上收到email通知，有人向我索取提款卡,2
我今天早上收到私訊通知，有人向我索取提款卡,2
我今天早上收到電郵通知，有人向我索取提款卡,2
我今天早上收到信箱通知，有人向我索取提款卡,2
我今天早上收到微信通知，有人向我索取提款卡,2
我今天早上收到messenger通知，有人向我索取提款卡,2
我今天早上收到群組通知，有人向我索取提款卡,2
今天早上Lol有人密我，有人向我索取提款卡,2
我今天早上收到line通知，有人向我索取郵局帳戶,2
我今天早上收到賴通知，有人向我索取郵局帳戶,2
我今天早上收到fb通知，有人向我索取郵局帳戶,2
我今天早上收到臉書通知，有人向我索取郵局帳戶,2
我今天早上收到電話通知，有人向我索取郵局帳戶,2
我今天早上收到手機通知，有人向我索取郵局帳戶,2
我今天早上收到簡訊通知，有人向我索取郵局帳戶,2
我今天早上收到email通知，有人向我索取郵局帳戶,2
我今天早上收到私訊通知，有人向我索取郵局帳戶,2
我今天早上收到電郵通知，有人向我索取郵局帳戶,2
我今天早上收到信箱通知，有人向我索取郵局帳戶,2
我今天早上收到微信通知，有人向我索取郵局帳戶,2
我今天早上收到messenger通知，有人向我索取郵局帳戶,2
我今天早上收到群組通知，有人向我索取郵局帳戶,2
今天早上Lol有人密我，有人向我索取郵局帳戶,2
我今天早上收到line通知，有人向我索取銀行帳戶,2
我今天早上收到賴通知，有人向我索取銀行帳戶,2
我今天早上收到fb通知，有人向我索取銀行帳戶,2
我今天早上收到臉書通知，有人向我索取銀行帳戶,2
我今天早上收到電話通知，有人向我索取銀行帳戶,2
我今天早上收到手機通知，有人向我索取銀行帳戶,2
我今天早上收到簡訊通知，有人向我索取銀行帳戶,2
我今天早上收到email通知，有人向我索取銀行帳戶,2
我今天早上收到私訊通知，有人向我索取銀行帳戶,2
我今天早上收到電郵通知，有人向我索取銀行帳戶,2
我今天早上收到信箱通知，有人向我索取銀行帳戶,2
我今天早上收到微信通知，有人向我索取銀行帳戶,2
我今天早上收到messenger通知，有人向我索取銀行帳戶,2
我今天早上收到群組通知，有人向我索取銀行帳戶,2
今天早上Lol有人密我，有人向我索取銀行帳戶,2
我今天早上收到line通知，有人向我索取金融卡密碼,2
我今天早上收到賴通知，有人向我索取金融卡密碼,2
我今天早上收到fb通知，有人向我索取金融卡密碼,2
我今天早上收到臉書通知，有人向我索取金融卡密碼,2
我今天早上收到電話通知，有人向我索取金融卡密碼,2
我今天早上收到手機通知，有人向我索取金融卡密碼,2
我今天早上收到簡訊通知，有人向我索取金融卡密碼,2
我今天早上收到email通知，有人向我索取金融卡密碼,2
我今天早上收到私訊通知，有人向我索取金融卡密碼,2
我今天早上收到電郵通知，有人向我索取金融卡密碼,2
我今天早上收到信箱通知，有人向我索取金融卡密碼,2
我今天早上收到微信通知，有人向我索取金融卡密碼,2
我今天早上收到messenger通知，有人向我索取金融卡密碼,2
我今天早上收到群組通知，有人向我索取金融卡密碼,2
今天早上Lol有人密我，有人向我索取金融卡密碼,2
我今天早上收到line通知，有人向我索取信用卡卡號,2
我今天早上收到賴通知，有人向我索取信用卡卡號,2
我今天早上收到fb通知，有人向我索取信用卡卡號,2
我今天早上收到臉書通知，有人向我索取信用卡卡號,2
我今天早上收到電話通知，有人向我索取信用卡卡號,2
我今天早上收到手機通知，有人向我索取信用卡卡號,2
我今天早上收到簡訊通知，有人向我索取信用卡卡號,2
我今天早上收到email通知，有人向我索取信用卡卡號,2
我今天早上收到私訊通知，有人向我索取信用卡卡號,2
我今天早上收到電郵通知，有人向我索取信用卡卡號,2
我今天早上收到信箱通知，有人向我索取信用卡卡號,2
我今天早上收到微信通知，有人向我索取信用卡卡號,2
我今天早上收到messenger通知，有人向我索取信用卡卡號,2
我今天早上收到群組通知，有人向我索取信用卡卡號,2
今天早上Lol有人密我，有人向我索取信用卡卡號,2
我今天早上收到line通知，有人向我索取信用卡驗證碼,2
我今天早上收到賴通知，有人向我索取信用卡驗證碼,2
我今天早上收到fb通知，有人向我索取信用卡驗證碼,2
我今天早上收到臉書通知，有人向我索取信用卡驗證碼,2
我今天早上收到電話通知，有人向我索取信用卡驗證碼,2
我今天早上收到手機通知，有人向我索取信用卡驗證碼,2
我今天早上收到簡訊通知，有人向我索取信用卡驗證碼,2
我今天早上收到email通知，有人向我索取信用卡驗證碼,2
我今天早上收到私訊通知，有人向我索取信用卡驗證碼,2
我今天早上收到電郵通知，有人向我索取信用卡驗證碼,2
我今天早上收到信箱通知，有人向我索取信用卡驗證碼,2
我今天早上收到微信通知，有人向我索取信用卡驗證碼,2
我今天早上收到messenger通知，有人向我索取信用卡驗證碼,2
我今天早上收到群組通知，有人向我索取信用卡驗證碼,2
今天早上Lol有人密我，有人向我索取信用卡驗證碼,2
我今天早上收到line通知，有人向我索取身份保證金,2
我今天早上收到賴通知，有人向我索取身份保證金,2
我今天早上收到fb通知，有人向我索取身份保證金,2
我今天早上收到臉書通知，有人向我索取身份保證金,2
我今天早上收到電話通知，有人向我索取身份保證金,2
我今天早上收到手機通知，有人向我索取身份保證金,2
我今天早上收到簡訊通知，有人向我索取身份保證金,2
我今天早上收到email通知，有人向我索取身份保證金,2
我今天早上收到私訊通知，有人向我索取身份保證金,2
我今天早上收到電郵通知，有人向我索取身份保證金,2
我今天早上收到信箱通知，有人向我索取身份保證金,2
我今天早上收到微信通知，有人向我索取身份保證金,2
今天早上有不認識的人向我老爸索取提款卡,2
今天早上有不認識的人向我老爸索取郵局帳戶,2
今天早上有不認識的人向我老爸索取金融卡密碼,2
今天早上有不認識的人向我老爸索取信用卡卡號,2
今天早上有不認識的人向我老爸索取信用卡驗證碼,2
今天早上有不認識的人向我老爸索取身分保證金,2
今天早上有不認識的人向我老爸索取身份保證金,2
今天早上有不認識的人向我老爸索取銀行帳戶,2
我朋友收到一個法院裁罰但是要用遊戲點數繳交唉,2
我朋友收到一個交通部裁罰但是要用遊戲點數繳交唉,2
我朋友收到一個銀行貸款的利息但是要用遊戲點數繳交唉,2
我朋友收到一個逾期繳費通知但是要用遊戲點數繳交唉,2
我朋友收到一個行政訴訟費用但是要用遊戲點數繳交唉,2
我朋友收到一個民事訴訟費用但是要用遊戲點數繳交唉,2
我朋友收到一個刑事訴訟費用但是要用遊戲點數繳交唉,2
我朋友收到一個洗錢的罰款但是要用遊戲點數繳交唉,2
我朋友收到一個貪汙的罰款但是要用遊戲點數繳交唉,2
我朋友收到一個違法的罰款但是要用遊戲點數繳交唉,2
前幾天我們家收到一個法院傳票上面竟然說罰款可以用遊戲點數繳交,2
前幾天我們家收到一個法院裁罰上面竟然說罰款可以用遊戲點數繳交,2
前幾天我們家收到一個交通部裁罰上面竟然說罰款可以用遊戲點數繳交,2
前幾天我們家收到一個銀行貸款上面竟然說利息可以用遊戲點數繳交,2
前幾天我們家收到一個逾期上面竟然說費用可以用遊戲點數繳交,2
我今天看到有人說稅金可以用遊戲點數繳?,2
我今天看到有人說代碼可以用遊戲點數繳?,2
我今天看到有人說代碼繳費可以用遊戲點數繳?,2
我今天看到有人說手續費可以用遊戲點數繳?,2
我今天看到有人說健保費可以用遊戲點數繳?,2
我今天看到有人說電信費可以用遊戲點數繳?,2
我今天看到有人說電話費可以用遊戲點數繳?,2
我今天看到有人說水費可以用遊戲點數繳?,2
我今天看到有人說電費可以用遊戲點數繳?,2
我今天看到有人說費用逾繳可以用遊戲點數繳?,2
我今天看到有人說催繳可以用遊戲點數繳?,2
我今天看到有人說代購可以用遊戲點數繳?,2
我今天看到有人說帳單可以用遊戲點數繳?,2
我今天看到有人說進貨費用可以用遊戲點數繳?,2
我今天看到有人說刷退可以用遊戲點數繳?,2
我今天看到有人說提撥退休金可以用遊戲點數繳?,2
我今天看到有人說貨到付款可以用遊戲點數繳?,2
我今天看到有人說保險費可以用遊戲點數繳?,2
我今天看到有人說運費可以用遊戲點數繳?,2
我今天看到有人說瓦斯費可以用遊戲點數繳?,2
我今天看到有人說報名費可以用遊戲點數繳?,2
公司同事跟我說現在訴訟費可以用遊戲點數代繳?,2
公司同事跟我說現在卡費可以用遊戲點數代繳?,2
公司同事跟我說現在費用可以用遊戲點數代繳?,2
公司同事跟我說現在代繳費可以用遊戲點數代繳?,2
公司同事跟我說現在下單可以用遊戲點數代繳?,2
公司同事跟我說現在保證金可以用遊戲點數代繳?,2
公司同事跟我說現在優惠可以用遊戲點數代繳?,2
公司同事跟我說現在投資可以用遊戲點數代繳?,2
公司同事跟我說現在退稅可以用遊戲點數代繳?,2
公司同事跟我說現在代繳稅可以用遊戲點數代繳?,2
公司同事跟我說現在稅金可以用遊戲點數代繳?,2
公司同事跟我說現在代碼可以用遊戲點數代繳?,2
公司同事跟我說現在代碼繳費可以用遊戲點數代繳?,2
公司同事跟我說現在手續費可以用遊戲點數代繳?,2
公司同事跟我說現在健保費可以用遊戲點數代繳?,2
公司同事跟我說現在電信費可以用遊戲點數代繳?,2
公司同事跟我說現在電話費可以用遊戲點數代繳?,2
公司同事跟我說現在水費可以用遊戲點數代繳?,2
公司同事跟我說現在電費可以用遊戲點數代繳?,2
公司同事跟我說現在費用逾代繳可以用遊戲點數代繳?,2
公司同事跟我說現在催代繳可以用遊戲點數代繳?,2
公司同事跟我說現在點數可以用遊戲點數代繳?,2
公司同事跟我說現在代購可以用遊戲點數代繳?,2
公司同事跟我說現在帳單可以用遊戲點數代繳?,2
我聽說現在國防部可以透過使用遊戲點數辦理相關業務哦,2
我聽說現在財政部可以透過使用遊戲點數辦理相關業務哦,2
我聽說現在國稅局可以透過使用遊戲點數辦理相關業務哦,2
我聽說現在法務部可以透過使用遊戲點數辦理相關業務哦,2
我聽說現在調查局可以透過使用遊戲點數辦理相關業務哦,2
我聽說現在檢察署可以透過使用遊戲點數辦理相關業務哦,2
我聽說現在經濟部可以透過使用遊戲點數辦理相關業務哦,2
我聽說現在工業局可以透過使用遊戲點數辦理相關業務哦,2
我聽說現在檢驗局可以透過使用遊戲點數辦理相關業務哦,2
我聽說現在智財局可以透過使用遊戲點數辦理相關業務哦,2
我聽說現在交通部可以透過使用遊戲點數辦理相關業務哦,2
我聽說現在衛福部可以透過使用遊戲點數辦理相關業務哦,2
我聽說現在勞動部可以透過使用遊戲點數辦理相關業務哦,2
我聽說現在地檢署可以透過使用遊戲點數辦理相關業務哦,2
我聽說現在科技部可以透過使用遊戲點數辦理相關業務哦,2
我聽說現在公平交易委員會可以透過使用遊戲點數辦理相關業務哦,2
我聽說現在松果購物可以透過使用遊戲點數辦理相關業務哦,2
我聽說現在愛上新鮮可以透過使用遊戲點數辦理相關業務哦,2
我聽說現在旋轉拍賣可以透過使用遊戲點數辦理相關業務哦,2
我聽說現在錢櫃可以透過使用遊戲點數辦理相關業務哦,2
我聽說現在小三美日可以透過使用遊戲點數辦理相關業務哦,2
我聽說現在MOMO可以透過使用遊戲點數辦理相關業務哦,2
我聽說現在金石堂可以透過使用遊戲點數辦理相關業務哦,2
我聽說現在奇摩拍賣可以透過使用遊戲點數辦理相關業務哦,2
我聽說現在衣芙可以透過使用遊戲點數辦理相關業務哦,2
我聽說現在Booking可以透過使用遊戲點數辦理相關業務哦,2
我聽說現在奇摩可以透過使用遊戲點數辦理相關業務哦,2
我聽說現在東森可以透過使用遊戲點數辦理相關業務哦,2
我聽說現在美咖可以透過使用遊戲點數辦理相關業務哦,2
我聽說現在支付寶可以透過使用遊戲點數辦理相關業務哦,2
我聽說現在比價王可以透過使用遊戲點數辦理相關業務哦,2
我聽說現在部落格可以透過使用遊戲點數辦理相關業務哦,2
我聽說現在新浪可以透過使用遊戲點數辦理相關業務哦,2
我聽說現在嘖嘖可以透過使用遊戲點數辦理相關業務哦,2
我聽說現在巴哈姆特可以透過使用遊戲點數辦理相關業務哦,2
我聽說現在webike可以透過使用遊戲點數辦理相關業務哦,2
我聽說現在頂新可以透過使用遊戲點數辦理相關業務哦,2
我聽說現在燦坤可以透過使用遊戲點數辦理相關業務哦,2
我聽說現在樂天可以透過使用遊戲點數辦理相關業務哦,2
我聽說現在Pazzo可以透過使用遊戲點數辦理相關業務哦,2
我聽說現在拓元售票可以透過使用遊戲點數辦理相關業務哦,2
我媽說聽說有人用遊戲點數辦理全國繳費網的業務,2
我媽說聽說有人用遊戲點數辦理台電的業務,2
我媽說聽說有人用遊戲點數辦理台水的業務,2
我媽說聽說有人用遊戲點數辦理法院的業務,2
我媽說聽說有人用遊戲點數辦理警察局的業務,2
我媽說聽說有人用遊戲點數辦理郵局的業務,2
我媽說聽說有人用遊戲點數辦理銀行的業務,2
我媽說聽說有人用遊戲點數辦理交友網站的業務,2
我媽說聽說有人用遊戲點數辦理行政院的業務,2
我媽說聽說有人用遊戲點數辦理主計處的業務,2
我媽說聽說有人用遊戲點數辦理環保署的業務,2
我媽說聽說有人用遊戲點數辦理農委會的業務,2
我媽說聽說有人用遊戲點數辦理內政部的業務,2
我媽說聽說有人用遊戲點數辦理警政署的業務,2
我媽說聽說有人用遊戲點數辦理消防署的業務,2
我媽說聽說有人用遊戲點數辦理移民署的業務,2
我媽說聽說有人用遊戲點數辦理外交部的業務,2
我媽說聽說有人用遊戲點數辦理國防部的業務,2
我媽說聽說有人用遊戲點數辦理財政部的業務,2
我媽說聽說有人用遊戲點數辦理國稅局的業務,2
我媽說聽說有人用遊戲點數辦理法務部的業務,2
我媽說聽說有人用遊戲點數辦理調查局的業務,2
我媽說聽說有人用遊戲點數辦理檢察署的業務,2
我媽說聽說有人用遊戲點數辦理經濟部的業務,2
我媽說聽說有人用遊戲點數辦理工業局的業務,2
我媽說聽說有人用遊戲點數辦理檢驗局的業務,2
我媽說聽說有人用遊戲點數辦理智財局的業務,2
我媽說聽說有人用遊戲點數辦理交通部的業務,2
我媽說聽說有人用遊戲點數辦理衛福部的業務,2
我媽說聽說有人用遊戲點數辦理勞動部的業務,2
我媽說聽說有人用遊戲點數辦理地檢署的業務,2
我媽說聽說有人用遊戲點數辦理科技部的業務,2
我媽說聽說有人用遊戲點數辦理公平交易委員會的業務,2
我媽說聽說有人用遊戲點數辦理松果購物的業務,2
我媽說聽說有人用遊戲點數辦理愛上新鮮的業務,2
我媽說聽說有人用遊戲點數辦理旋轉拍賣的業務,2
我媽說聽說有人用遊戲點數辦理錢櫃的業務,2
我媽說聽說有人用遊戲點數辦理小三美日的業務,2
我媽說聽說有人用遊戲點數辦理MOMO的業務,2
我媽說聽說有人用遊戲點數辦理金石堂的業務,2
我媽說聽說有人用遊戲點數辦理奇摩拍賣的業務,2
我在8591上看到有人賣虛擬貨幣,0
我在臉書社團看到有個人用大量批貨取得優惠價格，不知道是真的還假的,0
前陣子收到衣芙的繳費通知,0
前陣子收到Booking的繳費通知,0
前陣子收到警政署的開會通知,0
前陣子收到消防署的開會通知,0
前陣子收到移民署的開會通知,0
前陣子收到外交部的開會通知,0
昨天收到衣芙的繳費通知,0
昨天收到Booking的繳費通知,0
昨天收到奇摩的繳費通知,0
昨天收到東森的繳費通知,0
昨天收到美咖的繳費通知,0
昨天收到支付寶的繳費通知,0
昨天收到比價王的繳費通知,0
昨天收到部落格的繳費通知,0
昨天收到新浪的繳費通知,0
昨天收到嘖嘖的繳費通知,0
昨天收到巴哈姆特的繳費通知,0
昨天收到webike的繳費通知,0
昨天收到頂新的繳費通知,0
昨天收到燦坤的繳費通知,0
昨天收到樂天的繳費通知,0
昨天收到Pazzo的繳費通知,0
昨天收到拓元售票的繳費通知,0
我昨天收到一個法院寄的裁罰通知,0
我昨天收到一個銀行寄來的逾期通知,0
我昨天收到一個警局寄的違規通知,0
我上禮拜去我同學家樓下的711買遊戲點數,0
弟弟昨天去711買遊戲點數,0
哥哥昨天去商店買遊戲點數,0
我家人說昨天奇摩拍賣控告我，然後收到法院寄來的法院傳票通知,0
我家人說昨天衣芙控告我，然後收到法院寄來的法院傳票通知,0
我家人說昨天Booking控告我，然後收到法院寄來的法院傳票通知,0
我家人說昨天奇摩控告我，然後收到法院寄來的法院傳票通知,0
我家人說昨天東森控告我，然後收到法院寄來的法院傳票通知,0
我家人說昨天美咖控告我，然後收到法院寄來的法院傳票通知,0
我家人說昨天支付寶控告我，然後收到法院寄來的法院傳票通知,0
我家人說昨天比價王控告我，然後收到法院寄來的法院傳票通知,0
我家人說昨天部落格控告我，然後收到法院寄來的法院傳票通知,0
我家人說昨天新浪控告我，然後收到法院寄來的法院傳票通知,0
我家人說昨天嘖嘖控告我，然後收到法院寄來的法院傳票通知,0
我家人說昨天巴哈姆特控告我，然後收到法院寄來的法院傳票通知,0
我家人說昨天webike控告我，然後收到法院寄來的法院傳票通知,0
我家人說昨天頂新控告我，然後收到法院寄來的法院傳票通知,0
我家人說昨天燦坤控告我，然後收到法院寄來的法院傳票通知,0
我家人說昨天樂天控告我，然後收到法院寄來的法院傳票通知,0
我家人說昨天Pazzo控告我，然後收到法院寄來的法院傳票通知,0
我家人說昨天拓元售票控告我，然後收到法院寄來的法院傳票通知,0
我家人說昨天金石堂控告我，然後收到法院寄來的法院傳票通知,0
我家人說昨天衣芙控告我，然後收到法院寄來的法院裁罰通知,0
我家人說昨天Booking控告我，然後收到法院寄來的法院裁罰通知,0
我家人說昨天奇摩控告我，然後收到法院寄來的法院裁罰通知,0
我家人說昨天東森控告我，然後收到法院寄來的法院裁罰通知,0
我家人說昨天美咖控告我，然後收到法院寄來的法院裁罰通知,0
我家人說昨天支付寶控告我，然後收到法院寄來的法院裁罰通知,0
我家人說昨天比價王控告我，然後收到法院寄來的法院裁罰通知,0
我家人說昨天部落格控告我，然後收到法院寄來的法院裁罰通知,0
我家人說昨天新浪控告我，然後收到法院寄來的法院裁罰通知,0
我家人說昨天嘖嘖控告我，然後收到法院寄來的法院裁罰通知,0
我家人說昨天巴哈姆特控告我，然後收到法院寄來的法院裁罰通知,0
我家人說昨天webike控告我，然後收到法院寄來的法院裁罰通知,0
我家人說昨天頂新控告我，然後收到法院寄來的法院裁罰通知,0
我家人說昨天燦坤控告我，然後收到法院寄來的法院裁罰通知,0
我家人說昨天樂天控告我，然後收到法院寄來的法院裁罰通知,0
我家人說昨天Pazzo控告我，然後收到法院寄來的法院裁罰通知,0
我家人說昨天拓元售票控告我，然後收到法院寄來的法院裁罰通知,0
我家人說昨天奇摩拍賣控告我，然後收到法院寄來的法院裁罰通知,0
我家人說昨天收到衣芙向法院控告然後寄給我的裁罰通知,0
我家人說昨天收到Booking向法院控告然後寄給我的裁罰通知,0
我家人說昨天收到奇摩向法院控告然後寄給我的裁罰通知,0
我家人說昨天收到東森向法院控告然後寄給我的裁罰通知,0
我家人說昨天收到美咖向法院控告然後寄給我的裁罰通知,0
我家人說昨天收到支付寶向法院控告然後寄給我的裁罰通知,0
我家人說昨天收到比價王向法院控告然後寄給我的裁罰通知,0
我家人說昨天收到部落格向法院控告然後寄給我的裁罰通知,0
我家人說昨天收到新浪向法院控告然後寄給我的裁罰通知,0
我家人說昨天收到嘖嘖向法院控告然後寄給我的裁罰通知,0
我家人說昨天收到巴哈姆特向法院控告然後寄給我的裁罰通知,0
我家人說昨天收到webike向法院控告然後寄給我的裁罰通知,0
我家人說昨天收到頂新向法院控告然後寄給我的裁罰通知,0
我家人說昨天收到燦坤向法院控告然後寄給我的裁罰通知,0
我家人說昨天收到樂天向法院控告然後寄給我的裁罰通知,0
我家人說昨天收到Pazzo向法院控告然後寄給我的裁罰通知,0
我家人說昨天收到拓元售票向法院控告然後寄給我的裁罰通知,0
我家人說昨天收到奇摩拍賣向法院控告然後寄給我的裁罰通知,0
我家人說昨天收到衣芙向警局報案，然後收到要我去警局筆錄的通知,0
我家人說昨天收到Booking向警局報案，然後收到要我去警局筆錄的通知,0
我家人說昨天收到奇摩向警局報案，然後收到要我去警局筆錄的通知,0
我家人說昨天收到東森向警局報案，然後收到要我去警局筆錄的通知,0
我家人說昨天收到美咖向警局報案，然後收到要我去警局筆錄的通知,0
我家人說昨天收到支付寶向警局報案，然後收到要我去警局筆錄的通知,0
我家人說昨天收到比價王向警局報案，然後收到要我去警局筆錄的通知,0
我家人說昨天收到部落格向警局報案，然後收到要我去警局筆錄的通知,0
我家人說昨天收到新浪向警局報案，然後收到要我去警局筆錄的通知,0
我家人說昨天收到嘖嘖向警局報案，然後收到要我去警局筆錄的通知,0
我家人說昨天收到巴哈姆特向警局報案，然後收到要我去警局筆錄的通知,0
我家人說昨天收到webike向警局報案，然後收到要我去警局筆錄的通知,0
我家人說昨天收到頂新向警局報案，然後收到要我去警局筆錄的通知,0
我家人說昨天收到燦坤向警局報案，然後收到要我去警局筆錄的通知,0
我家人說昨天收到樂天向警局報案，然後收到要我去警局筆錄的通知,0
我家人說昨天收到Pazzo向警局報案，然後收到要我去警局筆錄的通知,0
我家人說昨天收到拓元售票向警局報案，然後收到要我去警局筆錄的通知,0
我家人說前陣子收到新浪向法院告我，然後收到法院寄來的裁罰通知,0
我家人說前陣子收到嘖嘖向法院告我，然後收到法院寄來的裁罰通知,0
我家人說前陣子收到巴哈姆特向法院告我，然後收到法院寄來的裁罰通知,0
我家人說前陣子收到webike向法院告我，然後收到法院寄來的裁罰通知,0
我家人說前陣子收到頂新向法院告我，然後收到法院寄來的裁罰通知,0
我家人說前陣子收到燦坤向法院告我，然後收到法院寄來的裁罰通知,0
我家人說前陣子收到樂天向法院告我，然後收到法院寄來的裁罰通知,0
我家人說前陣子收到Pazzo向法院告我，然後收到法院寄來的裁罰通知,0
我家人說前陣子收到拓元售票向法院告我，然後收到法院寄來的裁罰通知,0
我家人說昨天收到衣芙寄給我的違規通知,0
我家人說昨天收到Booking寄給我的違規通知,0
我家人說昨天收到奇摩寄給我的違規通知,0
我家人說昨天收到東森寄給我的違規通知,0
我家人說昨天收到美咖寄給我的違規通知,0
我家人說昨天收到支付寶寄給我的違規通知,0
我家人說昨天收到比價王寄給我的違規通知,0
我家人說昨天收到部落格寄給我的違規通知,0
我家人說昨天收到新浪寄給我的違規通知,0
我家人說昨天收到嘖嘖寄給我的違規通知,0
我家人說昨天收到巴哈姆特寄給我的違規通知,0
我家人說昨天收到webike寄給我的違規通知,0
我家人說昨天收到頂新寄給我的違規通知,0
我家人說昨天收到燦坤寄給我的違規通知,0
我家人說昨天收到樂天寄給我的違規通知,0
我家人說昨天收到Pazzo寄給我的違規通知,0
我家人說昨天收到拓元售票寄給我的違規通知,0
我家人說昨天收到衣芙寄來的繳費逾期通知,0
我家人說昨天收到Booking寄來的繳費逾期通知,0
我家人說昨天收到奇摩寄來的繳費逾期通知,0
我家人說昨天收到東森寄來的繳費逾期通知,0
我家人說昨天收到美咖寄來的繳費逾期通知,0
我家人說昨天收到支付寶寄來的繳費逾期通知,0
我家人說昨天收到比價王寄來的繳費逾期通知,0
我家人說昨天收到部落格寄來的繳費逾期通知,0
我家人說昨天收到新浪寄來的繳費逾期通知,0
我家人說昨天收到嘖嘖寄來的繳費逾期通知,0
我家人說昨天收到巴哈姆特寄來的繳費逾期通知,0
我家人說昨天收到webike寄來的繳費逾期通知,0
我家人說昨天收到頂新寄來的繳費逾期通知,0
我家人說昨天收到燦坤寄來的繳費逾期通知,0
我家人說昨天收到樂天寄來的繳費逾期通知,0
我家人說昨天收到Pazzo寄來的繳費逾期通知,0
我家人說昨天收到拓元售票寄來的繳費逾期通知,0
朋友說之前衣芙控告他，然後有收到法院寄來的法院裁罰通知,0
朋友說之前Booking控告他，然後有收到法院寄來的法院裁罰通知,0
朋友說之前奇摩控告他，然後有收到法院寄來的法院裁罰通知,0
朋友說之前東森控告他，然後有收到法院寄來的法院裁罰通知,0
朋友說之前美咖控告他，然後有收到法院寄來的法院裁罰通知,0
朋友說之前支付寶控告他，然後有收到法院寄來的法院裁罰通知,0
朋友說之前比價王控告他，然後有收到法院寄來的法院裁罰通知,0
朋友說之前部落格控告他，然後有收到法院寄來的法院裁罰通知,0
朋友說之前新浪控告他，然後有收到法院寄來的法院裁罰通知,0
朋友說之前嘖嘖控告他，然後有收到法院寄來的法院裁罰通知,0
朋友說之前巴哈姆特控告他，然後有收到法院寄來的法院裁罰通知,0
朋友說之前webike控告他，然後有收到法院寄來的法院裁罰通知,0
朋友說之前頂新控告他，然後有收到法院寄來的法院裁罰通知,0
朋友說之前燦坤控告他，然後有收到法院寄來的法院裁罰通知,0
朋友說之前樂天控告他，然後有收到法院寄來的法院裁罰通知,0
朋友說之前Pazzo控告他，然後有收到法院寄來的法院裁罰通知,0
朋友說之前拓元售票控告他，然後有收到法院寄來的法院裁罰通知,0
我朋友說昨天收到Booking向警局報案，然後收到要他前往警局筆錄的通知,0
我朋友說昨天收到奇摩向警局報案，然後收到要他前往警局筆錄的通知,0
我朋友說昨天收到東森向警局報案，然後收到要他前往警局筆錄的通知,0
我朋友說昨天收到美咖向警局報案，然後收到要他前往警局筆錄的通知,0
我朋友說昨天收到支付寶向警局報案，然後收到要他前往警局筆錄的通知,0
我朋友說昨天收到比價王向警局報案，然後收到要他前往警局筆錄的通知,0
我朋友說昨天收到部落格向警局報案，然後收到要他前往警局筆錄的通知,0
我朋友說昨天收到新浪向警局報案，然後收到要他前往警局筆錄的通知,0
我朋友說昨天收到嘖嘖向警局報案，然後收到要他前往警局筆錄的通知,0
我朋友說昨天收到巴哈姆特向警局報案，然後收到要他前往警局筆錄的通知,0
我朋友說昨天收到webike向警局報案，然後收到要他前往警局筆錄的通知,0
我朋友說昨天收到頂新向警局報案，然後收到要他前往警局筆錄的通知,0
我朋友說昨天收到燦坤向警局報案，然後收到要他前往警局筆錄的通知,0
我朋友說昨天收到樂天向警局報案，然後收到要他前往警局筆錄的通知,0
我朋友說昨天收到Pazzo向警局報案，然後收到要他前往警局筆錄的通知,0
我朋友說昨天收到拓元售票向警局報案，然後收到要他前往警局筆錄的通知,0
我有一個好朋友說昨天收到拓元售票向警局報案，然後收到要他前往警局筆錄的通知,0
我家人說昨天頂新控告我，所以收到法院寄來的訴訟通知,0
我家人說昨天燦坤控告我，所以收到法院寄來的訴訟通知,0
我家人說昨天樂天控告我，所以收到法院寄來的訴訟通知,0
我家人說昨天Pazzo控告我，所以收到法院寄來的訴訟通知,0
我家人說昨天拓元售票控告我，所以收到法院寄來的訴訟通知,0
今天早上r6有人密我,1
今天早上wechat有人跟我說,1
今天早上whatsapp有人跟我說,1
今天早上微博有人跟我說,1
今天早上weibo有人跟我說,1
今天早上QQ有人跟我說,1
今天早上kakao有人跟我說,1
今天早上IG有人跟我說,1
今天早上instagram有人跟我說,1
今天早上reddit有人跟我說,1
今天早上twitter有人跟我說,1
今天早上friday有人跟我說,1
今天早上Zuvio有人跟我說,1
今天早上3DM有人跟我說,1
今天早上steam有人跟我說,1
今天早上uplay有人跟我說,1
今天早上costco有人跟我說,1
今天早上garena有人跟我說,1
今天早上伊莉有人跟我說,1
今天早上ebay有人跟我說,1
今天早上cmony有人跟我說,1
今天早上epic有人跟我說,1
今天早上pressplay有人跟我說,1
今天早上pubg有人跟我說,1
今天早上跑跑有人跟我說,1
今天早上滔寶有人跟我說,1
今天早上overwatch有人跟我說,1
今天早上第七史詩有人跟我說,1
今天早上csgo有人跟我說,1
今天早上r6有人跟我說,1
我今天早上收到信箱通知,1
我今天早上收到微信通知,1
我今天早上收到messenger通知,1
我今天早上收到群組通知,1
前幾天有一個很久沒聯絡的同學請我幫他去ATM匯款進貨費用,1
前幾天有一個很久沒聯絡的同學請我幫他去ATM匯款刷退,1
前幾天有一個很久沒聯絡的同學請我幫他去ATM匯款退休金,1
前幾天有一個很久沒聯絡的同學請我幫他去ATM匯款貨到付款,1
前幾天有一個很久沒聯絡的同學請我幫他去ATM匯款保險費,1
前幾天有一個很久沒聯絡的同學請我幫他去ATM匯款運費,1
前幾天有一個很久沒聯絡的同學請我幫他去ATM匯款電費,1
前幾天有一個很久沒聯絡的同學請我幫他去ATM匯款繳稅,1
前幾天有一個很久沒聯絡的同學請我幫他去ATM匯款瓦斯費,1
前幾天有一個很久沒聯絡的同學請我幫他去ATM匯款報名費,1
我朋友說之前有親戚叫他用ATM繳交逾期未繳,1
我朋友說之前有親戚叫他用ATM繳交連續扣款,1
我朋友說之前有親戚叫他用ATM繳交費用,1
我朋友說之前有親戚叫他用ATM繳交刷退,1
我朋友說之前有親戚叫他用ATM繳交退休金,1
我朋友說之前有親戚叫他用ATM繳交貨到付款,1
我朋友說之前有親戚叫他用ATM繳交保險費,1
我朋友說之前有親戚叫他用ATM繳交運費,1
我朋友說之前有親戚叫他用ATM繳交電費,1
我朋友說之前有親戚叫他用ATM繳交繳稅,1
我朋友說之前有親戚叫他用ATM繳交瓦斯費,1
我朋友說之前有親戚叫他用ATM繳交報名費,1
我媽說前幾天有多益公司打來叫她用提款機交逾期未繳,1
我媽說前幾天有多益公司打來叫她用提款機交連續扣款,1
我媽說前幾天有多益公司打來叫她用提款機交費用,1
我媽說前幾天有多益公司打來叫她用提款機交刷退,1
我媽說前幾天有多益公司打來叫她用提款機交退休金,1
我媽說前幾天有多益公司打來叫她用提款機交貨到付款,1
我媽說前幾天有多益公司打來叫她用提款機交保險費,1
我媽說前幾天有多益公司打來叫她用提款機交運費,1
我媽說前幾天有多益公司打來叫她用提款機交電費,1
我媽說前幾天有多益公司打來叫她用提款機交繳稅,1
我媽說前幾天有多益公司打來叫她用提款機交瓦斯費,1
我媽說前幾天有多益公司打來叫她用提款機交報名費,1
今天有個沒聽過的郵局寄信來通知我關於代購的事情,1
今天有個沒聽過的郵局寄信來通知我關於帳單的事情,1
今天有個沒聽過的郵局寄信來通知我關於逾期未繳的事情,1
今天有個沒聽過的郵局寄信來通知我關於連續扣款的事情,1
今天有個沒聽過的郵局寄信來通知我關於費用的事情,1
今天有個沒聽過的郵局寄信來通知我關於刷退的事情,1
今天有個沒聽過的郵局寄信來通知我關於退休金的事情,1
今天有個沒聽過的郵局寄信來通知我關於貨到付款的事情,1
今天有個沒聽過的郵局寄信來通知我關於保險費的事情,1
今天有個沒聽過的郵局寄信來通知我關於運費的事情,1
今天有個沒聽過的郵局寄信來通知我關於繳稅的事情,1
今天有個沒聽過的郵局寄信來通知我關於瓦斯費的事情,1
今天有個沒聽過的郵局寄信來通知我關於報名費的事情,1
之前遇到一個人叫我做一些事情，所以我今天下午去臨櫃查詢我的逾期未繳,1
之前遇到一個人叫我做一些事情，所以我今天下午去臨櫃查詢我的連續扣款,1
之前遇到一個人叫我做一些事情，所以我今天下午去臨櫃查詢我的費用,1
之前遇到一個人叫我做一些事情，所以我今天下午去臨櫃查詢我的刷退,1
之前遇到一個人叫我做一些事情，所以我今天下午去臨櫃查詢我的退休金,1
之前遇到一個人叫我做一些事情，所以我今天下午去臨櫃查詢我的貨到付款,1
之前遇到一個人叫我做一些事情，所以我今天下午去臨櫃查詢我的保險費,1
之前遇到一個人叫我做一些事情，所以我今天下午去臨櫃查詢我的運費,1
之前遇到一個人叫我做一些事情，所以我今天下午去臨櫃查詢我的繳稅,1
之前遇到一個人叫我做一些事情，所以我今天下午去臨櫃查詢我的瓦斯費,1
之前遇到一個人叫我做一些事情，所以我今天下午去臨櫃查詢我的報名費,1
有個久沒聯絡的朋友請我去櫃台處理一些逾期未繳的問題,1
有個久沒聯絡的朋友請我去櫃台處理一些連續扣款的問題,1
有個久沒聯絡的朋友請我去櫃台處理一些費用的問題,1
有個久沒聯絡的朋友請我去櫃台處理一些刷退的問題,1
有個久沒聯絡的朋友請我去櫃台處理一些退休金的問題,1
有個久沒聯絡的朋友請我去櫃台處理一些貨到付款的問題,1
有個久沒聯絡的朋友請我去櫃台處理一些保險費的問題,1
有個久沒聯絡的朋友請我去櫃台處理一些運費的問題,1
有個久沒聯絡的朋友請我去櫃台處理一些繳稅的問題,1
有個久沒聯絡的朋友請我去櫃台處理一些瓦斯費的問題,1
有個久沒聯絡的朋友請我去櫃台處理一些報名費的問題,1
我家人說有人打來通知銀行不讓我交逾期未繳，請我按照他的指示去臨櫃辦理,1
我家人說有人打來通知銀行不讓我交連續扣款，請我按照他的指示去臨櫃辦理,1
我家人說有人打來通知銀行不讓我交費用，請我按照他的指示去臨櫃辦理,1
我家人說有人打來通知銀行不讓我交刷退，請我按照他的指示去臨櫃辦理,1
我家人說有人打來通知銀行不讓我交退休金，請我按照他的指示去臨櫃辦理,1
我家人說有人打來通知銀行不讓我交貨到付款，請我按照他的指示去臨櫃辦理,1
我家人說有人打來通知銀行不讓我交保險費，請我按照他的指示去臨櫃辦理,1
我家人說有人打來通知銀行不讓我交運費，請我按照他的指示去臨櫃辦理,1
我家人說有人打來通知銀行不讓我交繳稅，請我按照他的指示去臨櫃辦理,1
我家人說有人打來通知銀行不讓我交瓦斯費，請我按照他的指示去臨櫃辦理,1
我家人說有人打來通知銀行不讓我交報名費，請我按照他的指示去臨櫃辦理,1
之前在網路上看到新聞說現在可以用電信門號進行小額付費，是真的麻,1
之前在網路上看到新聞說現在可以用電信門號進行小額，是真的麻,1
之前在網路上看到新聞說現在可以用電信門號繳交小額費用，是真的麻,1
之前在網路上看到新聞說現在可以用電信門號進行電信扣款，是真的麻,1
之前在網路上看到新聞說現在可以用門號進行小額支付，是真的麻,1
之前在網路上看到新聞說現在可以用門號進行小額付費，是真的麻,1
之前在網路上看到新聞說現在可以用門號進行小額，是真的麻,1
之前在網路上看到新聞說現在可以用門號進行小額費用，是真的麻,1
之前在網路上看到新聞說現在可以用門號進行電信扣款，是真的麻,1
網友告訴我可以依他給的方法使用手機支付小額支付?,1
網友告訴我可以依他給的方法使用手機支付小額付費?,1
網友告訴我可以依他給的方法使用手機支付小額?,1
網友告訴我可以依他給的方法使用手機支付小額費用?,1
網友告訴我可以依他給的方法使用手機支付電信扣款?,1
網友告訴我可以依他給的方法使用手機付錢小額支付?,1
網友告訴我可以依他給的方法使用手機付錢小額付費?,1
網友告訴我可以依他給的方法使用手機付錢小額?,1
網友告訴我可以依他給的方法使用手機小額付錢?,1
網友告訴我可以依他給的方法使用手機付錢小額費用?,1
我上禮拜沒有在商城網購，結果收到報紙,1
我上禮拜沒有在商城網購，結果收到紙,1
我上禮拜在蝦皮網購，結果收到奇怪的東西,1
我上禮拜在蝦皮網購，結果收到好像不是我買的東西,1
我上禮拜沒有在蝦皮網購，結果收到廢紙,1
我上禮拜沒有在蝦皮網購，結果收到報紙,1
我上禮拜沒有在蝦皮網購，結果收到紙,1
我上禮拜在露天網購，結果收到奇怪的東西,1
我上禮拜在露天網購，結果收到好像不是我買的東西,1
我上禮拜沒有在露天網購，結果收到廢紙,1
我上禮拜沒有在露天網購，結果收到報紙,1
我上禮拜沒有在露天網購，結果收到紙,1
我上禮拜在淘寶網購，結果收到奇怪的東西,1
我上禮拜在淘寶網購，結果收到好像不是我買的東西,1
我上禮拜沒有在淘寶網購，結果收到廢紙,1
我上禮拜沒有在淘寶網購，結果收到報紙,1
我上禮拜沒有在淘寶網購，結果收到紙,1
我上禮拜在博客來網購，結果收到奇怪的東西,1
我上禮拜在博客來網購，結果收到好像不是我買的東西,1
我上禮拜沒有在博客來網購，結果收到廢紙,1
我上禮拜沒有在博客來網購，結果收到報紙,1
我上禮拜沒有在博客來網購，結果收到紙,1
我朋友今天去樓下便利商店按照一個不熟的親戚的教學操作提款機,1
我朋友今天去樓下便利商店按照一個不熟的親戚的教學操作退款手續,1
我朋友今天去樓下便利商店按照一個不熟的親戚的教學操作自動櫃員機,1
我有個大學同學被一個不是很熟的親戚要求去樓下小七提款,1
我有個大學同學被一個不是很熟的親戚要求去樓下小七領錢,1
我有個大學同學被一個不是很熟的親戚要求去樓下小七操作無摺,1
我有個大學同學被一個不是很熟的親戚要求去樓下小七操作無摺存款,1
我有個大學同學被一個不是很熟的親戚要求去樓下小七操作開通,1
我有個大學同學被一個不是很熟的親戚要求去樓下小七操作跨行存款,1
我有個大學同學被一個不是很熟的親戚要求去樓下小七操作提款機,1
我有個大學同學被一個不是很熟的親戚要求去樓下小七操作退款,1
我有個大學同學被一個不是很熟的親戚要求去樓下小七操作ATM,1
公司同事今天被她的朋友詢問幫忙操作門號付款,1
公司同事今天被她的朋友詢問幫忙操作手機認證,1
公司同事今天被她的朋友詢問幫忙操作認證碼,1
公司同事今天被她的朋友詢問幫忙操作線上刷卡,1
我前幾天被一個朋友請求幫忙要求用小額支付買了衣服,1
我前幾天被一個朋友請求幫忙要求用小額付費買了衣服,1
我前幾天被一個朋友請求幫忙要求用小額功能買了衣服,1
我前幾天被一個朋友請求幫忙要求用電信扣款買了衣服,1
今天有個不熟的人向我收取帳單,1
今天有個不熟的人向我收取進貨費用,1
今天有個不熟的人向我收取刷退,1
今天有個不熟的人向我收取退休金,1
今天有個不熟的人向我收取貨到付款,1
今天有個不熟的人向我收取保險費,1
今天有個不熟的人向我收取運費,1
今天有個不熟的人向我收取瓦斯費,1
今天有個不熟的人向我收取報名費,1
我有個朋友昨天被要求前往櫃台幫忙一些事情,1
我有個朋友昨天被要求前往銀行幫忙一些事情,1
我之前在拍賣網站上買東西遇到一些問題,1
我之前在yahoo上買東西遇到一些問題,1
我之前在momo上買東西遇到一些問題,1
我之前在pchome上買東西遇到一些問題,1
我之前在樂天上買東西遇到一些問題,1
我之前在金石堂上買東西遇到一些問題,1
我之前在小米上買東西遇到一些問題,1
我之前在蘋果上買東西遇到一些問題,1
我之前在華碩上買東西遇到一些問題,1
我之前在小三美日上買東西遇到一些問題,1
我之前在墊腳石上買東西遇到一些問題,1
我收到遊戲好友的訊息，說要送我虛寶，要我到ATM操作才能解除設定,2
我上星期說我重複訂購，要求我去用ATM解除設定,2
我上星期接到說我訂單出錯導致重複訂購，要求我按照指示操作ATM解除分期設定還叫我切換到英文介面,2
我上星期接到說我訂單出錯，叫我去找ATM解除設定還叫我切換到英文介面,2
我上週接到電話說有誤設分期，要求我按照指示操作ATM解除分期設定,2
我上禮拜接到電話，說重複訂購，要求我按照指示操作ATM解除分期設定,2
我一天前接到電話說誤設分期，要求我按照指示操作ATM解除分期設定,2
我媽媽收到一則訊息，說網購商品有設定錯誤，要她去解除設定,2
我哥哥上星期接到電話說重複訂購，要求我按照指示操作解除分期設定,2
我姊姊上星期接到電話說我訂購的商品調不到貨必須取消訂單，要求我按照指示操作解除分期設定,2
我弟弟上星期接到電話，說我訂單出錯導致重複訂購，要求我按照指示操作解除分期設定,2
哥哥收到line，說網購商品設定錯誤，要我到超商操作才能解除設定,2
我禮拜一接到電話，說我訂單有誤要求我按照指示解除分期設定,2
我上星期接到電話，說我訂單有誤要求我按照指示解除分期設定,2
我昨天接到電話，說我訂單有誤要求我按照指示解除分期設定,2
我爸收到訊息，說網購鞋子設定錯誤，要他去超商才能解除設定,2
我上禮拜看到訊息說我訂單有錯導致重複訂購，要求我操作ATM解除設定,2
我禮拜一看到訊息說我訂單有錯導致重複訂購，要求我操作ATM解除設定,2
我禮拜二看到訊息說我訂單有錯導致重複訂購，要求我操作ATM解除設定,2
我老哥收到通知，說網購設定錯誤，要去用超商裡面的ATM才能解除設定,2
小瑜接到通知，說網購重複購買，要求至ATM解除扣款,2
小士接到通知，說戶頭被人盜用口款，要求至ATM解除分期,2
小八接到通知，說網購匯款帳戶錯誤，要求至ATM解除扣款,2
同學上星期接到客服人員的通知，說我訂單出錯導致庫存管理有問題，要求我按照指示操作ATM解除設定,2
我上星期接到燦坤的通知，說我訂單出錯導致訂單需要重新登記，要求我按照指示操作ATM解除設定,2
我上星期接到業務的通知，說我訂單出錯導致鎖卡，要求我按照指示操作ATM解除設定,2
我收到一則通知，說我之前買東西被盜用，要我到超商ATM才能解除設定,2
我接到一則私訊說網購商品設定錯誤，要去ATM才能解除扣款?,2
昨天早上有陌生人叫我去用ATM解除之前網購的設定?,2
我叔公昨天接到電話，說訂單出錯導致重複訂購，要求他按照指示操作ATM解除分期設定,2
我朋友上個月接到電話，說我訂購的商品調不到貨必須取消訂單，要求我按照指示操作ATM解除分期設定,2
有人在比價王上以超低優惠吸引大家購買產品，過幾天匯款後發現收到仿冒品,2
有人在Amazon上以超低優惠吸引大家購買產品，剛剛匯款後發現收到仿冒品,2
有人在個人網站上以超低優惠吸引大家購買產品，早上匯款後發現收到仿冒品,2
我奶奶在奇摩拍賣訂購商品，匯款之後收到仿冒品,2
我親人訂購商品，匯款之後沒有收到產品,2
國愚購買摩天輪團票，匯款後沒收到商品,2
有人用原價商品7折吸引大家購買產品，我姊匯款後沒收到產品。,2
我上星期收到通知，說我姊有貨還沒領，叫我直接拿著簡訊繳款，否則就要被列入黑名單，領貨完就看到裡面只有幾張廢紙。,2
有人在廣告單上以名人代言吸引大家購買產品，我匯款後發現收到仿冒品,2
有人在遊戲裡面私訊我以名人代言吸引大家購買產品，匯款後發現是收到仿冒品,2
有人在論壇推薦名人代言吸引大家購買產品，我匯款後發現收到仿冒品,2
有人以名人代言吸引大家購買產品，我匯款後沒有出貨,2
有人以名人代言吸引大家購買產品，我匯款後沒有拿到產品,2
有人在IG上面利用網紅的帳號吸引大家購買產品，我匯款後沒收到產品,2
有人在直播代購以名人代言吸引大家購買產品，我匯款後沒收到產品,2
有人在Email裡以名人代言吸引大家購買產品，我匯款後沒收到產品,2
有人在部落格上以超低優惠吸引大家購買產品，中午匯款後發現收到仿冒品,2
有人在新浪上以超低優惠吸引大家購買產品，晚上匯款後發現收到仿冒品,2
我看到購物網站號稱正品的鞋子賣的超便宜評價也不錯，但我匯款後發現收到仿冒品,2
我看到購物網站號稱正品的口紅賣的超便宜評價也不錯，但我匯款後發現收到仿冒品,2
我看到購物網站號稱正品的外套賣的超便宜評價也不錯，但我匯款後發現收到仿冒品,2
有人在購物網站上以超低優惠吸引大家購買產品，我妹妹匯款後沒收到產品,2
有人在購物網站上名人代言吸引大家購買產品，奶奶發現收到仿冒品,2
有人在購物網站上以超低優惠吸引大家購買產品，阿公發現收到仿冒品,2
有人在購物網站上以名人代言吸引大家購買產品，阿罵發現收到仿冒品,2
我在雅虎購物網上買東西收到假貨,2
我在雅虎購物網上買東西收到垃圾,2
我在雅虎購物網上買東西收到劣質品,2
我在yahoo購物網上買東西收到假貨,2
我在yahoo購物網上買東西收到垃圾,2
我在yahoo購物網上買東西收到劣質品,2
我在奇摩的購物網上買東西收到假貨,2
我在奇摩的購物網上買東西收到垃圾,2
我在奇摩的購物網上買東西收到劣質品,2
我在奇摩的購物網上買東西收到便宜貨,2
有人用一些奇怪的說法叫我禮拜五提供小額付費認證碼進行小額付費,2
有人用一些奇怪的說法叫我禮拜六提供小額付費認證碼進行小額付費,2
有人以提供海外低價商品為由，叫我禮拜二提供小額付費認證碼以進行小額付費,2
有人以提供海外低價商品為由，叫我禮拜三提供小額付費認證碼以進行小額付費,2
有人以提供海外低價商品為由，叫我禮拜四提供小額付費認證碼以進行小額付費,2
有人以限購為由，叫我同事提供小額付費認證碼以進行報名活動，之後我收到帳單覺得怪怪的，也沒收到東西。,2
有人以限購為由，叫王同學提供小額付費認證碼以進行報名活動，之後我收到帳單覺得怪怪的，也沒收到東西。,2
有人以限購為由，叫陳同事提供小額付費認證碼以進行報名活動，之後我收到帳單覺得怪怪的，也沒收到東西。,2
有人在LINE提供抽獎活動，叫我提供小額付費認證碼進行小額付費,2
有人在臉書提供抽獎活動，叫我提供小額付費認證碼進行小額付費,2
有人在論壇提供抽獎活動，叫我提供小額付費認證碼進行小額付費,2
有人以奇怪的理由，叫我表哥提供小額付費認證碼以進行小額付費，之後我收到帳單覺得怪怪的,2
有人以奇怪的理由，叫我表弟提供小額付費認證碼以進行小額付費，之後我收到帳單覺得怪怪的,2
有人用提供虛擬貨幣的名義，叫我爸爸提供小額付費認證碼以進行小額付費，這是詐騙嗎?,2
有人用提供虛擬貨幣的名義，叫我媽媽提供小額付費認證碼以進行小額付費，這是詐騙嗎?,2
有人用提供虛擬貨幣的名義，叫我哥哥提供小額付費認證碼以進行小額付費，這是詐騙嗎?,2
有人用提供虛擬貨幣的名義，叫我女友提供小額付費認證碼以進行小額付費，這是詐騙嗎?,2
有人用提供虛擬貨幣的名義，叫我男友提供小額付費認證碼以進行小額付費，這是詐騙嗎?,2
有人講一些我聽不懂的東西，然後叫我老公提供小額付費認證碼以進行小額付費，之後看到帳單覺得怪怪的,2
有人講一些我聽不懂的東西，然後叫我老婆提供小額付費認證碼以進行小額付費，之後看到帳單覺得怪怪的,2
有人講一些我聽不懂的東西，然後叫小陳提供小額付費認證碼以進行小額付費，之後看到帳單覺得怪怪的,2
有人以抽獎活動為由，叫我提供小額付費認證碼以進行報名活動，我看到帳單覺得怪怪的，抽獎也沒抽到我。,2
有人以抽獎活動為由，叫小名提供小額付費認證碼以進行報名活動，我看到帳單覺得怪怪的，抽獎也沒抽到我。,2
有人以抽獎活動為由，叫我麻吉提供小額付費認證碼以進行報名活動，我看到帳單覺得怪怪的，抽獎也沒抽到我。,2
朋友昨天跟我說有警政署打給他要求需要申請資金公證,2
朋友昨天跟我說有警政署打給他要求需要監管帳戶,2
公司昨天收到關於法院傳真公文,2
公司昨天收到關於法院凍結帳戶,2
公司昨天收到關於法院需要帳戶資料,2
公司昨天收到關於法院需要法院保管,2
公司昨天收到關於法院需要法院保管財產,2
公司昨天收到關於法院需要法院保管存摺,2
公司昨天收到關於法院需要申請資金公證,2
公司昨天收到關於法院需要監管帳戶,2
女朋友昨天跟我說政府機關要求傳真公文,2
女朋友昨天跟我說政府機關要求凍結帳戶,2
女朋友昨天跟我說政府機關要求帳戶資料,2
女朋友昨天跟我說政府機關要求法院保管,2
女朋友昨天跟我說政府機關要求法院保管財產,2
女朋友昨天跟我說政府機關要求法院保管存摺,2
女朋友昨天跟我說政府機關要求申請資金公證,2
女朋友昨天跟我說政府機關要求監管帳戶,2
我爸公司昨天收到關於檢察官要求傳真公文是詐騙嗎?,2
我爸公司昨天收到關於檢察官要求凍結帳戶是詐騙嗎?,2
我爸公司昨天收到關於檢察官要求需要帳戶資料是詐騙嗎?,2
我爸公司昨天收到關於檢察官要求需要法院保管是詐騙嗎?,2
我爸公司昨天收到關於檢察官要求需要法院保管財產是詐騙嗎?,2
我爸公司昨天收到關於檢察官要求需要法院保管存摺是詐騙嗎?,2
我爸公司昨天收到關於檢察官要求需要申請資金公證是詐騙嗎?,2
我爸公司昨天收到關於檢察官要求需要監管帳戶是詐騙嗎?,2
禮拜三看到抽獎活動，等填完個人資料後，客服就通知我已經中獎，只要匯款繳交保證金即可領取，然後我就聯絡不上賣家,2
禮拜四看到抽獎活動，等填完個人資料後，客服就通知我已經中獎，只要匯款繳交保證金即可領取，然後我就聯絡不上賣家,2
禮拜五看到抽獎活動，等填完個人資料後，客服就通知我已經中獎，只要匯款繳交保證金即可領取，然後我就聯絡不上賣家,2
前陣子看到抽獎活動，等星期一填完個人資料後，客服就通知我已經中獎，只要匯款繳交保證金即可領取，然後我就聯絡不上賣家,2
前陣子看到抽獎活動，等星期三填完個人資料後，客服就通知我已經中獎，只要匯款繳交保證金即可領取，然後我就聯絡不上賣家,2
前陣子看到抽獎活動，等星期四填完個人資料後，客服就通知我已經中獎，只要匯款繳交保證金即可領取，然後我就聯絡不上賣家,2
爸爸看到有人以大量批貨才能取得優惠價格為由，廣招成員下單並匯款，事後就無法聯絡上賣家,2
我叔公接到一通有關抽獎活動的資訊，再告訴完個人資料後，一個禮拜後就簡訊通知我中獎，要先繳交一部份的稅額即可領取，然後我就聯絡不到賣家,2
之前在微博看到抽獎活動，填完個人資料沒多久客服就通知我已經中獎，只要匯款繳交保證金即可領取，然後我就聯絡不到賣家,2
小及參加冬季旅展，付完款後旅行社卻聯絡不到賣家,2
禮拜一在樓下參加抽獎活動，後來客服通知我中獎，只要匯款繳交保證金即可領取，然後我就聯絡不到賣家,2
之前看到抽獎活動，等星期二填完資料就通知已經中獎，只要匯款繳交保證金即可領取，然後就聯絡不到賣家,2
禮拜一認識一個人，說要寄包裹請我代收，後來接到貨運公司打來要求支付變更所有人的手續費， 然後就匯款到指定帳戶，但是沒收到東西,2
禮拜二認識一個人，說要寄包裹請我代收，後來接到貨運公司打來要求支付變更所有人的手續費， 然後就匯款到指定帳戶，但是沒收到東西,2
禮拜四認識一個人，說要寄包裹請我代收，後來接到貨運公司打來要求支付變更所有人的手續費， 然後就匯款到指定帳戶，但是沒收到東西,2
禮拜五認識一個人，說要寄包裹請我代收，目前已經付了運費。後來接到貨運公司打來要求支付變更所有人的手續費， 然後就匯款到指定帳戶，但是沒收到東西,2
認識一個人說要寄限掛請我代收，已經付了一些錢。後來接到貨運公司打來要求支付變更所有人的手續費， 然後就匯款到指定帳戶，但是沒收到東西,2
剛剛接到電話說有人寄包裹請我代收，而且已經付了運費。後來接到貨運公司打來要求支付變更所有人的手續費， 然後就匯款到指定帳戶，但是沒收到貨,2
禮拜三有個認識的人說有包裹代收，而且已經付了運費。後來接到貨運公司打來要求支付變更所有人的手續費， 然後匯款到指定帳戶，但是沒收到貨,2
老王認識一個人，說要寄包裹請我代收，目前已經付了運費。接到貨運公司打來要求支付變更所有人的手續費， 然後就匯款到指定帳戶，但是沒收到貨,2
我堂弟上禮拜認識一個人，說要寄包裹請我代收，目前已經付了運費。後來接到貨運公司打來要求支付變更所有人的手續費， 然後就匯款到指定帳戶，但是沒收到貨,2
我在交友軟體上認識一個人，說要寄包裹請我代收，目前已經付了運費。後來接到貨運公司打來要求支付變更所有人的手續費， 然後就匯款到指定帳戶，但是沒收到貨,2
弟弟在約砲軟體上認識一個人，說要寄包裹請我代收，目前已經付了運費。後來接到貨運公司打來要求支付變更所有人的手續費， 然後就匯款到指定帳戶，但是沒收到東西,2
有人前陣子以NETFLIX家庭版為由，廣招成員下單並匯款，事後我就被退出群組。,2
我媽前陣子遇到一個人跟她推薦某個網站，購買一些東西，然後匯款之後發現那個網站已經關閉了,2
在推特遇到一個人，對方跟我推薦一個網站，叫我購買他們的東西，然後匯款之後就找不到那個網站了,2
在FF14遇到一個人，對方推薦「數字資產交易中心」網站，叫我購買虛擬貨幣，然後我匯款之後發現那個網站已經關閉了,2
有人用代購優惠的理由，大量招募團購名單，事後我姊姊匯款完就被封鎖,2
我奶奶遇到一個人推薦一個奇怪網站，叫他購買東西，然後匯款之後發現那個網站就關閉了,2
前陣子有人以大量批貨才能取得優惠價格為由，廣招成員下單並匯款，事後我就被封鎖,2
早上遇到一個人跟我推薦「數字資產交易中心」網站，叫我買他們的東西，然後我匯款之後發現那個網站已經關閉了,2
有人前天以大量批貨才能取得批發價為由，廣招成員下單並匯款，然後我就被封鎖了,2
我哥遇到一個以前當兵朋友推薦，叫他購買虛擬貨幣，然後匯款之後發現那個網站已經關閉了,2
小熊跟他人收購二手安全帽，付款後卻被賣家封鎖,2
小兩簽收家人信件，郵差要求收取變更所有人手續費到指定帳戶,2
朋友看到有人以大量批貨才能取得優惠價格為由，廣招成員下單並匯款，事後就被退出群組,2
我家人遇到一個人，對方推薦「數字資產交易中心」網站，然後我家人匯款之後發現那個網站已經關閉了,2
我朋友遇到一個人，對方推薦「數字資產交易中心」網站，然後朋友匯款之後發現那個網站已經關閉了,2
我老師遇到一個人，對方推薦「數字資產交易中心」網站，然後老師匯款之後發現那個網站已經關閉了,2
女友遇到一個人，對方推薦「數字資產交易中心」網站，然後女友匯款之後發現那個網站已經關閉了,2
國中同學收到陌生訊息，說帳號密碼被入侵，要我匯款到指定帳戶才能歸還帳密。,2
有人前天在某個拍賣網以代購優惠為由，廣招成員下單並匯款，事後我就被封鎖,2
有人在DCARD以團購優惠價格為由，廣招成員下單並匯款，事後我就被封鎖,2
有人上禮拜在論壇以大量批貨才能取得優惠價格為由，廣招成員下單並匯款，事後我就被封鎖,2
有人去年在以大量批貨才能取得優惠價格為由，廣招成員下單並匯款，事後我就被退出群組,2
在交友軟體遇到一個人跟我推薦某個網站，叫我購買他們的商品，然後我匯款之後發現那個網站已經關閉了,2
遇到一個人，對方推薦「數字資產交易中心」網站，上禮拜叫我購買虛擬貨幣，然後我匯款之後發現那個網站已經關閉了,2
在英雄聯盟遇到一個人，對方叫我購買虛擬貨幣，然後我匯款之後發現那個網站已經關閉了,2
我之前遇到一個人叫我購買商品，然後我匯款之後發現那個網站已經關閉了,2
我弟剛剛遇到一個人，叫我購買虛擬貨幣，然後我匯款之後發現那個網站已經關閉了,2
我今天早上收到messenger通知，有人向我索取身份保證金,2
我今天早上收到群組通知，有人向我索取身份保證金,2
今天早上Lol有人密我，有人向我索取身份保證金,2
今天早上魔獸有人密我，有人向我索取印鑑,2
今天早上絕地求生有人密我，有人向我索取印鑑,2
今天早上暗黑有人密我，有人向我索取印鑑,2
今天早上橘子有人密我，有人向我索取印鑑,2
今天早上激戰有人密我，有人向我索取印鑑,2
今天早上失落方舟有人密我，有人向我索取印鑑,2
今天早上魔獸有人密我，有人向我索取存摺,2
今天早上絕地求生有人密我，有人向我索取存摺,2
今天早上暗黑有人密我，有人向我索取存摺,2
今天早上橘子有人密我，有人向我索取存摺,2
今天早上激戰有人密我，有人向我索取存摺,2
今天早上失落方舟有人密我，有人向我索取存摺,2
今天早上LoL有人密我，有人向我索取存簿,2
今天早上魔獸有人密我，有人向我索取存簿,2
今天早上絕地求生有人密我，有人向我索取存簿,2
今天早上暗黑有人密我，有人向我索取存簿,2
今天早上橘子有人密我，有人向我索取存簿,2
今天早上激戰有人密我，有人向我索取存簿,2
今天早上LoL有人密我，有人向我索取提款卡,2
今天早上魔獸有人密我，有人向我索取提款卡,2
今天早上絕地求生有人密我，有人向我索取提款卡,2
今天早上暗黑有人密我，有人向我索取提款卡,2
今天早上橘子有人密我，有人向我索取提款卡,2
今天早上激戰有人密我，有人向我索取提款卡,2
今天早上LoL有人密我，有人向我索取郵局帳戶,2
今天早上魔獸有人密我，有人向我索取郵局帳戶,2
今天早上絕地求生有人密我，有人向我索取郵局帳戶,2
今天早上暗黑有人密我，有人向我索取郵局帳戶,2
今天早上橘子有人密我，有人向我索取郵局帳戶,2
今天早上激戰有人密我，有人向我索取郵局帳戶,2
今天早上LoL有人密我，有人向我索取銀行帳戶,2
今天早上魔獸有人密我，有人向我索取銀行帳戶,2
今天早上絕地求生有人密我，有人向我索取銀行帳戶,2
今天早上暗黑有人密我，有人向我索取銀行帳戶,2
今天早上橘子有人密我，有人向我索取銀行帳戶,2
今天早上激戰有人密我，有人向我索取銀行帳戶,2
今天早上LoL有人密我，有人向我索取金融卡密碼,2
今天早上魔獸有人密我，有人向我索取金融卡密碼,2
今天早上絕地求生有人密我，有人向我索取金融卡密碼,2
今天早上暗黑有人密我，有人向我索取金融卡密碼,2
今天早上橘子有人密我，有人向我索取金融卡密碼,2
今天早上激戰有人密我，有人向我索取金融卡密碼,2
今天早上LoL有人密我，有人向我索取信用卡卡號,2
今天早上魔獸有人密我，有人向我索取信用卡卡號,2
今天早上絕地求生有人密我，有人向我索取信用卡卡號,2
今天早上暗黑有人密我，有人向我索取信用卡卡號,2
今天早上橘子有人密我，有人向我索取信用卡卡號,2
今天早上激戰有人密我，有人向我索取信用卡卡號,2
今天早上LoL有人密我，有人向我索取信用卡驗證碼,2
今天早上魔獸有人密我，有人向我索取信用卡驗證碼,2
今天早上絕地求生有人密我，有人向我索取信用卡驗證碼,2
今天早上暗黑有人密我，有人向我索取信用卡驗證碼,2
今天早上橘子有人密我，有人向我索取信用卡驗證碼,2
今天早上激戰有人密我，有人向我索取信用卡驗證碼,2
今天早上LoL有人密我，有人向我索取身份保證金,2
今天早上魔獸有人密我，有人向我索取身份保證金,2
今天早上絕地求生有人密我，有人向我索取身份保證金,2
今天早上暗黑有人密我，有人向我索取身份保證金,2
今天早上橘子有人密我，有人向我索取身份保證金,2
今天早上激戰有人密我，有人向我索取身份保證金,2
今天早上有不認識的人向我老爸索取存簿,2
今天早上有不認識的人向我老爸索取印鑑,2
今天早上有不認識的人向我老爸索取存摺,2
前幾天我們家收到一個行政訴訟上面竟然說費用可以用遊戲點數繳交,2
前幾天我們家收到一個民事訴訟上面竟然說費用可以用遊戲點數繳交,2
前幾天我們家收到一個刑事訴訟上面竟然說費用可以用遊戲點數繳交,2
前幾天我們家收到一個洗錢案件上面竟然說罰款可以用遊戲點數繳交,2
前幾天我們家收到一個貪汙案件上面竟然說罰款可以用遊戲點數繳交,2
前幾天我們家收到一個違法案件上面竟然說罰款可以用遊戲點數繳交,2
公司同事跟我說現在進貨費用可以用遊戲點數代繳?,2
公司同事跟我說現在刷退可以用遊戲點數代繳?,2
公司同事跟我說現在退休金可以用遊戲點數代繳?,2
公司同事跟我說現在貨到付款可以用遊戲點數代繳?,2
公司同事跟我說現在保險費可以用遊戲點數代繳?,2
公司同事跟我說現在運費可以用遊戲點數代繳?,2
公司同事跟我說現在瓦斯費可以用遊戲點數代繳?,2
公司同事跟我說現在報名費可以用遊戲點數代繳?,2
我今天看到有人說訴訟費可以用遊戲點數繳?,2
我今天看到有人說卡費可以用遊戲點數繳?,2
我今天看到有人說費用可以用遊戲點數繳?,2
我今天看到有人說繳費可以用遊戲點數繳?,2
我今天看到有人說下單可以用遊戲點數繳?,2
我今天看到有人說保證金可以用遊戲點數繳?,2
我今天看到有人說優惠可以用遊戲點數繳?,2
我今天看到有人說投資可以用遊戲點數繳?,2
我今天看到有人說退稅可以用遊戲點數繳?,2
我今天看到有人說繳稅可以用遊戲點數繳?,2
我媽說聽說有人用遊戲點數辦理衣芙的業務,2
我媽說聽說有人用遊戲點數辦理Booking的業務,2
我媽說聽說有人用遊戲點數辦理奇摩的業務,2
我媽說聽說有人用遊戲點數辦理東森的業務,2
我媽說聽說有人用遊戲點數辦理美咖的業務,2
我媽說聽說有人用遊戲點數辦理支付寶的業務,2
我媽說聽說有人用遊戲點數辦理比價王的業務,2
我媽說聽說有人用遊戲點數辦理部落格的業務,2
我媽說聽說有人用遊戲點數辦理新浪的業務,2
我媽說聽說有人用遊戲點數辦理嘖嘖的業務,2
我媽說聽說有人用遊戲點數辦理巴哈姆特的業務,2
我媽說聽說有人用遊戲點數辦理webike的業務,2
我媽說聽說有人用遊戲點數辦理頂新的業務,2
我媽說聽說有人用遊戲點數辦理燦坤的業務,2
我媽說聽說有人用遊戲點數辦理樂天的業務,2
我媽說聽說有人用遊戲點數辦理Pazzo的業務,2
我媽說聽說有人用遊戲點數辦理拓元售票的業務,2
我聽說現在全國繳費網可以透過使用遊戲點數辦理相關業務哦,2
我聽說現在台電可以透過使用遊戲點數辦理相關業務哦,2
我聽說現在台水可以透過使用遊戲點數辦理相關業務哦,2
我聽說現在法院可以透過使用遊戲點數辦理相關業務哦,2
我聽說現在警察局可以透過使用遊戲點數辦理相關業務哦,2
我聽說現在郵局可以透過使用遊戲點數辦理相關業務哦,2
我聽說現在銀行可以透過使用遊戲點數辦理相關業務哦,2
我聽說現在交友網站可以透過使用遊戲點數辦理相關業務哦,2
我聽說現在行政院可以透過使用遊戲點數辦理相關業務哦,2
我聽說現在主計處可以透過使用遊戲點數辦理相關業務哦,2
我聽說現在環保署可以透過使用遊戲點數辦理相關業務哦,2
我聽說現在農委會可以透過使用遊戲點數辦理相關業務哦,2
我聽說現在內政部可以透過使用遊戲點數辦理相關業務哦,2
我聽說現在警政署可以透過使用遊戲點數辦理相關業務哦,2
我聽說現在消防署可以透過使用遊戲點數辦理相關業務哦,2
我聽說現在移民署可以透過使用遊戲點數辦理相關業務哦,2
我聽說現在外交部可以透過使用遊戲點數辦理相關業務哦,2
